Workbook

Sheet Instructions
A1: نظام حساب المعدل النهائي - SFE / LMS Grades Model
A3: الأوزان والمكونات
A4: المكون | B4: الوزن | C4: الدرجة الكلية | D4: ملاحظات
A5: التاسكات (Tasks) | B5: 20% | C5: 135 | D5: مجموع Task1 + Task2 + Task3
A6: الحضور (Attendance) | B6: 30% | C6: sessions × 20 | D6: عدد الحاضر × 20 (كل سيشن = 20)
A7: البروجيكت (Project) | B7: 50% | C7: 145 | D7: فردي 40 + جماعي 80 + بونص 25
A9: شروط النجاح
A10: 1. نسبة الحضور ≥ 60% (يحصل على الساعتين فقط إذا تجاوز الحضور 60%)
A11: 2. المعدل النهائي > 60%
A12: حالة النجاح = ناجح فقط إذا تحقق الشرطان معاً
A14: كيفية الاستخدام
A15: 1. في شيت Project_Teams: املأ الأعمدة الصفراء (Individual / Full Project / Bonus) لكل طالب.
A16: 2. درجات التاسكات والحضور تُسحب تلقائياً من شيت Source_Grades باستخدام Student ID. | C16: sessions × 20 | D16: عدد الحاضر × 20 (كل سيشن = 20)
A17: 3. جميع النسب والمعدل النهائي وحالة النجاح تُحسب تلقائياً بالصيغ.
A18: الحساب أصبح تلقائياً على كل السيشنات المدخلة (1-6). عند إدخال Session 5 أو 6 يتحدث العدد والنسبة تلقائياً حسب عدد السيشنات المملوءة.
A19: لا حاجة لتغيير يدوي: الصيغ تحسب تلقائياً عدد السيشنات المملوءة (COUNTA) ونسبة الحضور منها. | C19: sessions × 20 | D19: عدد الحاضر × 20 (كل سيشن = 20)
A20: 6. كل تيم مفصول بصرياً بحدود (بوكس) في شيت Project_Teams لتسهيل القراءة.
A21: ملاحظات تقنية
A22: - الخلايا الصفراء = مدخلات (Inputs) يجب ملؤها يدوياً
A23: - الخلايا الزرقاء الفاتحة = بيانات مستخرجة (Lookups) من Source_Grades
A24: - الخلايا الخضراء = حسابات آلية (Formulas)
A25: - المعدل النهائي = (Tasks% × 0.2) + (Attendance% × 0.3) + (Project% × 0.5)
A27: الألوان في حالة النجاح والحضور تتغير تلقائياً (أخضر = ناجح/نعم ، أحمر = لم ينجح/لا) | C27: sessions × 20 | D27: عدد الحاضر × 20 (كل سيشن = 20)
A29: تحديث هيكل درجات البروجيكت:
A30: 1. تم إنشاء شيت جديد اسمه Project_Scores لكتابة درجات البروجيكت (Individual / Full Project / Bonus).
A31: 2. الخلايا الصفراء في Project_Scores = مدخلات يدوية.
A32: 3. شيت Project_Teams بيسحب الدرجات تلقائياً من Project_Scores عن طريق Student ID.
A33: 4. اكتب درجة Full Project لكل طالب (أو انسخ نفس القيمة لكل أعضاء التيم).

Sheet Source_Grades
A1: Student ID | B1: Student Name | C1: Seat Number | D1: Academic Level | E1: Program | F1: Official Email | G1: Personal Email | H1: Phone | I1: Assigned Supporter (TA) | J1: Task 1 | K1: Task 2 | L1: Task 3 | M1: Total Tasks Score | N1: Bonus Points | O1: Session 1 | P1: Session 2 | Q1: Session 3 | R1: Session 4 | S1: Session 5 | T1: Session 6 | U1: Attended Sessions | V1: Attendance Rate (%) | W1: Total Score (Tasks + Bonus) | X1: Final Rank Score | Y1: Attended Count | Z1: Total Sessions | AA1: Final Score & Best attendance | AB1: Attended
A2: 20251700588 | B2: فيرونيكا امير رفعت جاد | C2: 20251700588 | D2: Level 1 | E2: General ( طلاب المستوى الأول والثاني خلال العام الدراسي السابق 25-26) | F2: 20251700588@cis.asu.edu.eg | G2: veroamir8@gmail.com | H2: 01016779505 | I2: رامز مجدي صبحي غالي | J2: 55 | K2: 45 | L2: 35 | M2: =IF(COUNTA(J2:L2)=0,0,SUM(J2:L2)) -> 135 | N2: 6 | O2: حاضر | P2: حاضر | Q2: حاضر | R2: حاضر | S2: حاضر | T2: {=IF(ISNUMBER(MATCH(TRIM(A2)&"", _xlfn._xlws.FILTER(TRIM(Project_Scores!$D$2:$D$300)&"", Project_Scores!$I$2:$I$300=TRUE, ""), 0)), "حاضر", "غائب")} -> غائب | U2: =IF(COUNTA(O2:T2)=0,"0 من 0",COUNTIF(O2:T2,"حاضر")&" من "&COUNTA(O2:T2)) -> 5 من 6 | V2: =IF(COUNTA(O2:T2)=0,0,COUNTIF(O2:T2,"حاضر")/COUNTA(O2:T2)) -> 0.83333333 | W2: =M2+N2 -> 141 | X2: 181 | Y2: =COUNTIF(O2:T2,"حاضر") -> 5 | Z2: =COUNTA(O2:T2) -> 6 | AA2: =COUNTIF(O2:T2,"حاضر")+(COUNTIF(O2:T2,"مستأذن")*0.5)+X2 -> 186 | AB2: =COUNTIF(T:T, "حاضر") -> 0 | AC2: Score Board (Top 15)
A3: 20241700031 | B3: احمد سامح حسن احمد محمد شوشه | C3: 20241700031 | D3: Level 2 | E3: General ( طلاب المستوى الأول والثاني خلال العام الدراسي السابق 25-26) | F3: 20241700031@cis.asu.edu.eg | G3: ahmedshosha2006@gmail.com | H3: 01026585928 | I3: رامز مجدي صبحي غالي | J3: 0 | K3: 0 | L3: 0 | M3: =IF(COUNTA(J3:L3)=0,0,SUM(J3:L3)) -> 0 | N3: 2 | O3: غائب | P3: غائب | Q3: غائب | R3: غائب | S3: غائب | T3: {=IF(ISNUMBER(MATCH(TRIM(A3)&"", _xlfn._xlws.FILTER(TRIM(Project_Scores!$D$2:$D$300)&"", Project_Scores!$I$2:$I$300=TRUE, ""), 0)), "حاضر", "غائب")} -> غائب | U3: =IF(COUNTA(O3:T3)=0,"0 من 0",COUNTIF(O3:T3,"حاضر")&" من "&COUNTA(O3:T3)) -> 0 من 6 | V3: =IF(COUNTA(O3:T3)=0,0,COUNTIF(O3:T3,"حاضر")/COUNTA(O3:T3)) -> 0 | W3: =M3+N3 -> 2 | X3: 2 | Y3: =COUNTIF(O3:T3,"حاضر") -> 0 | Z3: =COUNTA(O3:T3) -> 6 | AA3: =COUNTIF(O3:T3,"حاضر")+(COUNTIF(O3:T3,"مستأذن")*0.5)+X3 -> 2
A4: 20251700762 | B4: محمود محمد عبد الرسول كريم | C4: 20251700762 | D4: Level 1 | E4: General ( طلاب المستوى الأول والثاني خلال العام الدراسي السابق 25-26) | F4: 20251700762@cis.asu.edu.eg | G4: mahmoudmohamed20076@gmail.com | H4: 01507359655 | I4: شريف مصطفي عبد المنعم مصطفي | J4: 40 | K4: 25 | L4: 12 | M4: =IF(COUNTA(J4:L4)=0,0,SUM(J4:L4)) -> 77 | N4: 2 | O4: حاضر | P4: حاضر | Q4: حاضر | R4: حاضر | S4: حاضر | T4: {=IF(ISNUMBER(MATCH(TRIM(A4)&"", _xlfn._xlws.FILTER(TRIM(Project_Scores!$D$2:$D$300)&"", Project_Scores!$I$2:$I$300=TRUE, ""), 0)), "حاضر", "غائب")} -> غائب | U4: =IF(COUNTA(O4:T4)=0,"0 من 0",COUNTIF(O4:T4,"حاضر")&" من "&COUNTA(O4:T4)) -> 5 من 6 | V4: =IF(COUNTA(O4:T4)=0,0,COUNTIF(O4:T4,"حاضر")/COUNTA(O4:T4)) -> 0.83333333 | W4: =M4+N4 -> 79 | X4: 119 | Y4: =COUNTIF(O4:T4,"حاضر") -> 5 | Z4: =COUNTA(O4:T4) -> 6 | AA4: =COUNTIF(O4:T4,"حاضر")+(COUNTIF(O4:T4,"مستأذن")*0.5)+X4 -> 124 | AC4: {=_xlfn.TAKE(_xlfn.SORTBY(_xlfn.HSTACK(A2:B200, AA2:AA200), AA2:AA200, -1), 15)} -> 2023170234 | AD4: زياد أسامة مصطفى شلبى | AE4: 213
A5: 20251700531 | B5: عمر فؤاد محمد الشافعي | C5: 20251700531 | D5: Level 1 | E5: General ( طلاب المستوى الأول والثاني خلال العام الدراسي السابق 25-26) | F5: 20251700531@cis.asu.edu.eg | G5: omelshafiey@gmail.com | H5: 01211092805 | I5: عمر مصطفي سلامة علي | J5: 51 | K5: 45 | L5: 0 | M5: =IF(COUNTA(J5:L5)=0,0,SUM(J5:L5)) -> 96 | N5: 6 | O5: حاضر | P5: حاضر | Q5: حاضر | R5: حاضر | S5: حاضر | T5: {=IF(ISNUMBER(MATCH(TRIM(A5)&"", _xlfn._xlws.FILTER(TRIM(Project_Scores!$D$2:$D$300)&"", Project_Scores!$I$2:$I$300=TRUE, ""), 0)), "حاضر", "غائب")} -> غائب | U5: =IF(COUNTA(O5:T5)=0,"0 من 0",COUNTIF(O5:T5,"حاضر")&" من "&COUNTA(O5:T5)) -> 5 من 6 | V5: =IF(COUNTA(O5:T5)=0,0,COUNTIF(O5:T5,"حاضر")/COUNTA(O5:T5)) -> 0.83333333 | W5: =M5+N5 -> 102 | X5: 142 | Y5: =COUNTIF(O5:T5,"حاضر") -> 5 | Z5: =COUNTA(O5:T5) -> 6 | AA5: =COUNTIF(O5:T5,"حاضر")+(COUNTIF(O5:T5,"مستأذن")*0.5)+X5 -> 147 | AC5: 20251701124 | AD5: Aly Mohamed Mounir Aly Zaky Darwish | AE5: 212
A6: 2023170451 | B6: كيرلس مدحت مكرم عزمى | C6: 2023170451 | D6: Level 3 | E6: Information Systems | F6: 2023170451@cis.asu.edu.eg | G6: kirollos.medhat2005@gmail.com | H6: 01200501803 | I6: شريف مصطفي عبد المنعم مصطفي | J6: 55 | K6: 42 | L6: 36 | M6: =IF(COUNTA(J6:L6)=0,0,SUM(J6:L6)) -> 133 | N6: 0 | O6: حاضر | P6: حاضر | Q6: حاضر | R6: حاضر | S6: حاضر | T6: {=IF(ISNUMBER(MATCH(TRIM(A6)&"", _xlfn._xlws.FILTER(TRIM(Project_Scores!$D$2:$D$300)&"", Project_Scores!$I$2:$I$300=TRUE, ""), 0)), "حاضر", "غائب")} -> غائب | U6: =IF(COUNTA(O6:T6)=0,"0 من 0",COUNTIF(O6:T6,"حاضر")&" من "&COUNTA(O6:T6)) -> 5 من 6 | V6: =IF(COUNTA(O6:T6)=0,0,COUNTIF(O6:T6,"حاضر")/COUNTA(O6:T6)) -> 0.83333333 | W6: =M6+N6 -> 133 | X6: 173 | Y6: =COUNTIF(O6:T6,"حاضر") -> 5 | Z6: =COUNTA(O6:T6) -> 6 | AA6: =COUNTIF(O6:T6,"حاضر")+(COUNTIF(O6:T6,"مستأذن")*0.5)+X6 -> 178 | AC6: 20241700341 | AD6: زياد علاء محمد محمد | AE6: 201
A7: 20251700257 | B7: رؤى البدرى السيد توفيق | C7: 20251700257 | D7: Level 1 | E7: General ( طلاب المستوى الأول والثاني خلال العام الدراسي السابق 25-26) | F7: 20251700257@cis.asu.edu.eg | G7: roaelbadry8@gmail.com | H7: 01140159717 | I7: احمد اسماعيل سيد محمدي | J7: 41 | K7: 35 | L7: 30 | M7: =IF(COUNTA(J7:L7)=0,0,SUM(J7:L7)) -> 106 | N7: 4 | O7: حاضر | P7: حاضر | Q7: حاضر | R7: حاضر | S7: حاضر | T7: {=IF(ISNUMBER(MATCH(TRIM(A7)&"", _xlfn._xlws.FILTER(TRIM(Project_Scores!$D$2:$D$300)&"", Project_Scores!$I$2:$I$300=TRUE, ""), 0)), "حاضر", "غائب")} -> غائب | U7: =IF(COUNTA(O7:T7)=0,"0 من 0",COUNTIF(O7:T7,"حاضر")&" من "&COUNTA(O7:T7)) -> 5 من 6 | V7: =IF(COUNTA(O7:T7)=0,0,COUNTIF(O7:T7,"حاضر")/COUNTA(O7:T7)) -> 0.83333333 | W7: =M7+N7 -> 110 | X7: 150 | Y7: =COUNTIF(O7:T7,"حاضر") -> 5 | Z7: =COUNTA(O7:T7) -> 6 | AA7: =COUNTIF(O7:T7,"حاضر")+(COUNTIF(O7:T7,"مستأذن")*0.5)+X7 -> 155 | AC7: 20241701173 | AD7: أحمد عصام حسين محمود | AE7: 201
A8: 20251700511 | B8: عمر ايمن بدر عبد الفتاح | C8: 20251700511 | D8: Level 1 | E8: General ( طلاب المستوى الأول والثاني خلال العام الدراسي السابق 25-26) | F8: 20251700511@cis.asu.edu.eg | G8: omaraymanbadr77777@gmail.com | H8: 01013950802 | I8: ياسمين صلاح الدين عباس | J8: 40 | K8: 40 | L8: 15 | M8: =IF(COUNTA(J8:L8)=0,0,SUM(J8:L8)) -> 95 | N8: 2 | O8: حاضر | P8: مستأذن | Q8: حاضر | R8: حاضر | S8: حاضر | T8: {=IF(ISNUMBER(MATCH(TRIM(A8)&"", _xlfn._xlws.FILTER(TRIM(Project_Scores!$D$2:$D$300)&"", Project_Scores!$I$2:$I$300=TRUE, ""), 0)), "حاضر", "غائب")} -> غائب | U8: =IF(COUNTA(O8:T8)=0,"0 من 0",COUNTIF(O8:T8,"حاضر")&" من "&COUNTA(O8:T8)) -> 4 من 6 | V8: =IF(COUNTA(O8:T8)=0,0,COUNTIF(O8:T8,"حاضر")/COUNTA(O8:T8)) -> 0.66666667 | W8: =M8+N8 -> 97 | X8: 127 | Y8: =COUNTIF(O8:T8,"حاضر") -> 4 | Z8: =COUNTA(O8:T8) -> 6 | AA8: =COUNTIF(O8:T8,"حاضر")+(COUNTIF(O8:T8,"مستأذن")*0.5)+X8 -> 131.5 | AC8: 20241700920 | AD8: ندى محمود رياض نور الدين محمود | AE8: 199
A9: 20251700143 | B9: آيه خالد محمد نجيب | C9: 20251700143 | D9: Level 1 | E9: General ( طلاب المستوى الأول والثاني خلال العام الدراسي السابق 25-26) | F9: 20251700143@cis.asu.edu.eg | G9: ayakhaledelgazar2007@gmail.com | H9: 01001553655 | I9: احمد اسماعيل سيد محمدي | J9: 0 | K9: 0 | L9: 0 | M9: =IF(COUNTA(J9:L9)=0,0,SUM(J9:L9)) -> 0 | N9: 0 | O9: غائب | P9: غائب | Q9: غائب | R9: غائب | S9: غائب | T9: {=IF(ISNUMBER(MATCH(TRIM(A9)&"", _xlfn._xlws.FILTER(TRIM(Project_Scores!$D$2:$D$300)&"", Project_Scores!$I$2:$I$300=TRUE, ""), 0)), "حاضر", "غائب")} -> غائب | U9: =IF(COUNTA(O9:T9)=0,"0 من 0",COUNTIF(O9:T9,"حاضر")&" من "&COUNTA(O9:T9)) -> 0 من 6 | V9: =IF(COUNTA(O9:T9)=0,0,COUNTIF(O9:T9,"حاضر")/COUNTA(O9:T9)) -> 0 | W9: =M9+N9 -> 0 | X9: 0 | Y9: =COUNTIF(O9:T9,"حاضر") -> 0 | Z9: =COUNTA(O9:T9) -> 6 | AA9: =COUNTIF(O9:T9,"حاضر")+(COUNTIF(O9:T9,"مستأذن")*0.5)+X9 -> 0 | AC9: 20251700432 | AD9: عبدالله كرم ابوزيد سيف | AE9: 196.5
A10: 20251700720 | B10: محمد علي محمد علي | C10: 20251700720 | D10: Level 1 | E10: Computer Science | F10: 20251700720@cis.asu.edu.eg | G10: amro500880@gmail.com | H10: 01021164391 | I10: شريف مصطفي عبد المنعم مصطفي | J10: 0 | K10: 0 | L10: 0 | M10: =IF(COUNTA(J10:L10)=0,0,SUM(J10:L10)) -> 0 | N10: 0 | O10: حاضر | P10: غائب | Q10: غائب | R10: غائب | S10: غائب | T10: {=IF(ISNUMBER(MATCH(TRIM(A10)&"", _xlfn._xlws.FILTER(TRIM(Project_Scores!$D$2:$D$300)&"", Project_Scores!$I$2:$I$300=TRUE, ""), 0)), "حاضر", "غائب")} -> غائب | U10: =IF(COUNTA(O10:T10)=0,"0 من 0",COUNTIF(O10:T10,"حاضر")&" من "&COUNTA(O10:T10)) -> 1 من 6 | V10: =IF(COUNTA(O10:T10)=0,0,COUNTIF(O10:T10,"حاضر")/COUNTA(O10:T10)) -> 0.16666667 | W10: =M10+N10 -> 0 | X10: 10 | Y10: =COUNTIF(O10:T10,"حاضر") -> 1 | Z10: =COUNTA(O10:T10) -> 6 | AA10: =COUNTIF(O10:T10,"حاضر")+(COUNTIF(O10:T10,"مستأذن")*0.5)+X10 -> 11 | AC10: 20231700233 | AD10: علي عمرو محمد عبدالهادي | AE10: 191
A11: 20251700822 | B11: معاذ محمد السيد عبدالله | C11: 20251700822 | D11: Level 1 | E11: General ( طلاب المستوى الأول والثاني خلال العام الدراسي السابق 25-26) | F11: 20251700822@cis.asu.edu.eg | G11: m72946623@gmail.com | H11: 01091060853 | I11: شريف مصطفي عبد المنعم مصطفي | J11: 54 | K11: 32 | L11: 35 | M11: =IF(COUNTA(J11:L11)=0,0,SUM(J11:L11)) -> 121 | N11: 0 | O11: حاضر | P11: حاضر | Q11: حاضر | R11: حاضر | S11: حاضر | T11: {=IF(ISNUMBER(MATCH(TRIM(A11)&"", _xlfn._xlws.FILTER(TRIM(Project_Scores!$D$2:$D$300)&"", Project_Scores!$I$2:$I$300=TRUE, ""), 0)), "حاضر", "غائب")} -> غائب | U11: =IF(COUNTA(O11:T11)=0,"0 من 0",COUNTIF(O11:T11,"حاضر")&" من "&COUNTA(O11:T11)) -> 5 من 6 | V11: =IF(COUNTA(O11:T11)=0,0,COUNTIF(O11:T11,"حاضر")/COUNTA(O11:T11)) -> 0.83333333 | W11: =M11+N11 -> 121 | X11: 161 | Y11: =COUNTIF(O11:T11,"حاضر") -> 5 | Z11: =COUNTA(O11:T11) -> 6 | AA11: =COUNTIF(O11:T11,"حاضر")+(COUNTIF(O11:T11,"مستأذن")*0.5)+X11 -> 166 | AC11: 20241700935 | AD11: نوران محمد السيد محمد نصر | AE11: 190
A12: 20241700700 | B12: محمد اشرف محمد عبد المقصود | C12: 20241700700 | D12: Level 2 | E12: General ( طلاب المستوى الأول والثاني خلال العام الدراسي السابق 25-26) | F12: 20241700700@cis.asu.edu.eg | G12: wutthefq@gmail.com | H12: 01278244372 | I12: نور جاد علي جاد | J12: 38 | K12: 33 | L12: 29 | M12: =IF(COUNTA(J12:L12)=0,0,SUM(J12:L12)) -> 100 | N12: 7 | O12: حاضر | P12: حاضر | Q12: حاضر | R12: حاضر | S12: حاضر | T12: {=IF(ISNUMBER(MATCH(TRIM(A12)&"", _xlfn._xlws.FILTER(TRIM(Project_Scores!$D$2:$D$300)&"", Project_Scores!$I$2:$I$300=TRUE, ""), 0)), "حاضر", "غائب")} -> غائب | U12: =IF(COUNTA(O12:T12)=0,"0 من 0",COUNTIF(O12:T12,"حاضر")&" من "&COUNTA(O12:T12)) -> 5 من 6 | V12: =IF(COUNTA(O12:T12)=0,0,COUNTIF(O12:T12,"حاضر")/COUNTA(O12:T12)) -> 0.83333333 | W12: =M12+N12 -> 107 | X12: 147 | Y12: =COUNTIF(O12:T12,"حاضر") -> 5 | Z12: =COUNTA(O12:T12) -> 6 | AA12: =COUNTIF(O12:T12,"حاضر")+(COUNTIF(O12:T12,"مستأذن")*0.5)+X12 -> 152 | AC12: 20251700957 | AD12: يحيى صلاح الدين عباس السمان | AE12: 189
A13: 20241700948 | B13: هادي احمد هاشم احمد | C13: 20241700948 | D13: Level 2 | E13: General ( طلاب المستوى الأول والثاني خلال العام الدراسي السابق 25-26) | F13: 20241700948@cis.asu.edu.eg | G13: hady8705@gmail.com | H13: 01127816879 | I13: عبدالله هاني محمد نصر الدين عبدالحق | J13: 54 | K13: 32 | L13: 28 | M13: =IF(COUNTA(J13:L13)=0,0,SUM(J13:L13)) -> 114 | N13: 4 | O13: حاضر | P13: حاضر | Q13: حاضر | R13: حاضر | S13: حاضر | T13: {=IF(ISNUMBER(MATCH(TRIM(A13)&"", _xlfn._xlws.FILTER(TRIM(Project_Scores!$D$2:$D$300)&"", Project_Scores!$I$2:$I$300=TRUE, ""), 0)), "حاضر", "غائب")} -> غائب | U13: =IF(COUNTA(O13:T13)=0,"0 من 0",COUNTIF(O13:T13,"حاضر")&" من "&COUNTA(O13:T13)) -> 5 من 6 | V13: =IF(COUNTA(O13:T13)=0,0,COUNTIF(O13:T13,"حاضر")/COUNTA(O13:T13)) -> 0.83333333 | W13: =M13+N13 -> 118 | X13: 158 | Y13: =COUNTIF(O13:T13,"حاضر") -> 5 | Z13: =COUNTA(O13:T13) -> 6 | AA13: =COUNTIF(O13:T13,"حاضر")+(COUNTIF(O13:T13,"مستأذن")*0.5)+X13 -> 163 | AC13: 20241700089 | AD13: آدم محمد عطيتو السيد | AE13: 189
A14: 20251701037 | B14: آيه محمد اداره محمد | C14: 20251701037 | D14: Level 1 | E14: General ( طلاب المستوى الأول والثاني خلال العام الدراسي السابق 25-26) | F14: 20251701037@cis.asu.edu.eg | G14: aya904661@gmail.com | H14: 01207548255 | I14: نانسي محمد جلال عباس | J14: 55 | K14: 45 | L14: 20 | M14: =IF(COUNTA(J14:L14)=0,0,SUM(J14:L14)) -> 120 | N14: 0 | O14: غائب | P14: غائب | Q14: حاضر | R14: حاضر | S14: حاضر | T14: {=IF(ISNUMBER(MATCH(TRIM(A14)&"", _xlfn._xlws.FILTER(TRIM(Project_Scores!$D$2:$D$300)&"", Project_Scores!$I$2:$I$300=TRUE, ""), 0)), "حاضر", "غائب")} -> غائب | U14: =IF(COUNTA(O14:T14)=0,"0 من 0",COUNTIF(O14:T14,"حاضر")&" من "&COUNTA(O14:T14)) -> 3 من 6 | V14: =IF(COUNTA(O14:T14)=0,0,COUNTIF(O14:T14,"حاضر")/COUNTA(O14:T14)) -> 0.5 | W14: =M14+N14 -> 120 | X14: 140 | Y14: =COUNTIF(O14:T14,"حاضر") -> 3 | Z14: =COUNTA(O14:T14) -> 6 | AA14: =COUNTIF(O14:T14,"حاضر")+(COUNTIF(O14:T14,"مستأذن")*0.5)+X14 -> 143 | AC14: 2023170036 | AD14: احمد سليمان سعد عبدالحميد | AE14: 188
A15: 20251700009 | B15: أحمد ناصر بكر محمود | C15: 20251700009 | D15: Level 1 | E15: General ( طلاب المستوى الأول والثاني خلال العام الدراسي السابق 25-26) | F15: 20251700009@cis.asu.edu.eg | G15: a.safwat7197@gmail.com | H15: 01146113765 | I15: محمد طاهر محمد محمود | J15: 30 | K15: 30 | L15: 20 | M15: =IF(COUNTA(J15:L15)=0,0,SUM(J15:L15)) -> 80 | N15: 4 | O15: حاضر | P15: حاضر | Q15: حاضر | R15: حاضر | S15: حاضر | T15: {=IF(ISNUMBER(MATCH(TRIM(A15)&"", _xlfn._xlws.FILTER(TRIM(Project_Scores!$D$2:$D$300)&"", Project_Scores!$I$2:$I$300=TRUE, ""), 0)), "حاضر", "غائب")} -> غائب | U15: =IF(COUNTA(O15:T15)=0,"0 من 0",COUNTIF(O15:T15,"حاضر")&" من "&COUNTA(O15:T15)) -> 5 من 6 | V15: =IF(COUNTA(O15:T15)=0,0,COUNTIF(O15:T15,"حاضر")/COUNTA(O15:T15)) -> 0.83333333 | W15: =M15+N15 -> 84 | X15: 124 | Y15: =COUNTIF(O15:T15,"حاضر") -> 5 | Z15: =COUNTA(O15:T15) -> 6 | AA15: =COUNTIF(O15:T15,"حاضر")+(COUNTIF(O15:T15,"مستأذن")*0.5)+X15 -> 129 | AC15: 20241701556 | AD15: عامر وحيد هلال فرج | AE15: 187.5
A16: 20241700585 | B16: عمر وليد سعيد علي | C16: 20241700585 | D16: Level 2 | E16: General ( طلاب المستوى الأول والثاني خلال العام الدراسي السابق 25-26) | F16: 20241700585@cis.asu.edu.eg | G16: womar45689@gmail.com | H16: 01124150915 | I16: احمد اسماعيل سيد محمدي | J16: 52 | K16: 43 | L16: 35 | M16: =IF(COUNTA(J16:L16)=0,0,SUM(J16:L16)) -> 130 | N16: 0 | O16: حاضر | P16: حاضر | Q16: حاضر | R16: حاضر | S16: حاضر | T16: {=IF(ISNUMBER(MATCH(TRIM(A16)&"", _xlfn._xlws.FILTER(TRIM(Project_Scores!$D$2:$D$300)&"", Project_Scores!$I$2:$I$300=TRUE, ""), 0)), "حاضر", "غائب")} -> غائب | U16: =IF(COUNTA(O16:T16)=0,"0 من 0",COUNTIF(O16:T16,"حاضر")&" من "&COUNTA(O16:T16)) -> 5 من 6 | V16: =IF(COUNTA(O16:T16)=0,0,COUNTIF(O16:T16,"حاضر")/COUNTA(O16:T16)) -> 0.83333333 | W16: =M16+N16 -> 130 | X16: 170 | Y16: =COUNTIF(O16:T16,"حاضر") -> 5 | Z16: =COUNTA(O16:T16) -> 6 | AA16: =COUNTIF(O16:T16,"حاضر")+(COUNTIF(O16:T16,"مستأذن")*0.5)+X16 -> 175 | AC16: 20251700588 | AD16: فيرونيكا امير رفعت جاد | AE16: 186
... A18: 20241700374 | B18: سعيد مسعد سعيد محمد | C18: 20241700374 | D18: Level 2 | E18: General ( طلاب المستوى الأول والثاني خلال العام الدراسي السابق 25-26) | F18: 20241700374@cis.asu.edu.eg | G18: saeedseliem9@gmail.com | H18: 01008424741 | I18: نور جاد علي جاد | J18: 52 | K18: 29 | L18: 35 | M18: =IF(COUNTA(J18:L18)=0,0,SUM(J18:L18)) -> 116 | N18: 2 | O18: حاضر | P18: حاضر | Q18: حاضر | R18: غائب | S18: حاضر | T18: {=IF(ISNUMBER(MATCH(TRIM(A18)&"", _xlfn._xlws.FILTER(TRIM(Project_Scores!$D$2:$D$300)&"", Project_Scores!$I$2:$I$300=TRUE, ""), 0)), "حاضر", "غائب")} -> غائب | U18: =IF(COUNTA(O18:T18)=0,"0 من 0",COUNTIF(O18:T18,"حاضر")&" من "&COUNTA(O18:T18)) -> 4 من 6 | V18: =IF(COUNTA(O18:T18)=0,0,COUNTIF(O18:T18,"حاضر")/COUNTA(O18:T18)) -> 0.66666667 | W18: =M18+N18 -> 118 | X18: 148 | Y18: =COUNTIF(O18:T18,"حاضر") -> 4 | Z18: =COUNTA(O18:T18) -> 6 | AA18: =COUNTIF(O18:T18,"حاضر")+(COUNTIF(O18:T18,"مستأذن")*0.5)+X18 -> 152 | AC18: 20241701016 | AD18: يوسف سيد علي علي | AE18: 184.5
A19: 20251701124 | B19: Aly Mohamed Mounir Aly Zaky Darwish | C19: 20251701124 | D19: Level 1 | E19: General ( طلاب المستوى الأول والثاني خلال العام الدراسي السابق 25-26) | F19: 20251701124@cis.asu.edu.eg | G19: aly.mounirr@gmail.com | H19: 01226469696 | I19: عبدالله هاني محمد نصر الدين عبدالحق | J19: 53 | K19: 45 | L19: 39 | M19: =IF(COUNTA(J19:L19)=0,0,SUM(J19:L19)) -> 137 | N19: 30 | O19: حاضر | P19: حاضر | Q19: حاضر | R19: حاضر | S19: حاضر | T19: {=IF(ISNUMBER(MATCH(TRIM(A19)&"", _xlfn._xlws.FILTER(TRIM(Project_Scores!$D$2:$D$300)&"", Project_Scores!$I$2:$I$300=TRUE, ""), 0)), "حاضر", "غائب")} -> غائب | U19: =IF(COUNTA(O19:T19)=0,"0 من 0",COUNTIF(O19:T19,"حاضر")&" من "&COUNTA(O19:T19)) -> 5 من 6 | V19: =IF(COUNTA(O19:T19)=0,0,COUNTIF(O19:T19,"حاضر")/COUNTA(O19:T19)) -> 0.83333333 | W19: =M19+N19 -> 167 | X19: 207 | Y19: =COUNTIF(O19:T19,"حاضر") -> 5 | Z19: =COUNTA(O19:T19) -> 6 | AA19: =COUNTIF(O19:T19,"حاضر")+(COUNTIF(O19:T19,"مستأذن")*0.5)+X19 -> 212
A20: 20241700235 | B20: جيهان جواد محمد اليوسفي | C20: 20241700235 | D20: Level 1 | E20: General ( طلاب المستوى الأول والثاني خلال العام الدراسي السابق 25-26) | F20: 20241700235@cis.asu.edu.eg | G20: jih.an.jih.2000@gmail.com | H20: 01021838227 | I20: منة الله وحيد محمد على | J20: 55 | K20: 35 | L20: 0 | M20: =IF(COUNTA(J20:L20)=0,0,SUM(J20:L20)) -> 90 | N20: 0 | O20: حاضر | P20: غائب | Q20: حاضر | R20: حاضر | S20: حاضر | T20: {=IF(ISNUMBER(MATCH(TRIM(A20)&"", _xlfn._xlws.FILTER(TRIM(Project_Scores!$D$2:$D$300)&"", Project_Scores!$I$2:$I$300=TRUE, ""), 0)), "حاضر", "غائب")} -> غائب | U20: =IF(COUNTA(O20:T20)=0,"0 من 0",COUNTIF(O20:T20,"حاضر")&" من "&COUNTA(O20:T20)) -> 4 من 6 | V20: =IF(COUNTA(O20:T20)=0,0,COUNTIF(O20:T20,"حاضر")/COUNTA(O20:T20)) -> 0.66666667 | W20: =M20+N20 -> 90 | X20: 120 | Y20: =COUNTIF(O20:T20,"حاضر") -> 4 | Z20: =COUNTA(O20:T20) -> 6 | AA20: =COUNTIF(O20:T20,"حاضر")+(COUNTIF(O20:T20,"مستأذن")*0.5)+X20 -> 124
A21: 20241700174 | B21: بسملة فهيم حسنى سعيد | C21: 20241700174 | D21: Level 2 | E21: General ( طلاب المستوى الأول والثاني خلال العام الدراسي السابق 25-26) | F21: 20241700174@cis.asu.edu.eg | G21: basmalafahim42@gmail.com | H21: 01022315785 | I21: نانسي محمد جلال عباس | J21: 55 | K21: 45 | L21: 38 | M21: =IF(COUNTA(J21:L21)=0,0,SUM(J21:L21)) -> 138 | N21: 0 | O21: حاضر | P21: حاضر | Q21: حاضر | R21: حاضر | S21: حاضر | T21: {=IF(ISNUMBER(MATCH(TRIM(A21)&"", _xlfn._xlws.FILTER(TRIM(Project_Scores!$D$2:$D$300)&"", Project_Scores!$I$2:$I$300=TRUE, ""), 0)), "حاضر", "غائب")} -> غائب | U21: =IF(COUNTA(O21:T21)=0,"0 من 0",COUNTIF(O21:T21,"حاضر")&" من "&COUNTA(O21:T21)) -> 5 من 6 | V21: =IF(COUNTA(O21:T21)=0,0,COUNTIF(O21:T21,"حاضر")/COUNTA(O21:T21)) -> 0.83333333 | W21: =M21+N21 -> 138 | X21: 178 | Y21: =COUNTIF(O21:T21,"حاضر") -> 5 | Z21: =COUNTA(O21:T21) -> 6 | AA21: =COUNTIF(O21:T21,"حاضر")+(COUNTIF(O21:T21,"مستأذن")*0.5)+X21 -> 183
A22: 20241701015 | B22: يوسف سامى شعبان كامل | C22: 20241701015 | D22: Level 2 | E22: General ( طلاب المستوى الأول والثاني خلال العام الدراسي السابق 25-26) | F22: 20241701015@cis.asu.edu.eg | G22: ysamy6890@gmail.com | H22: 01117982889 | I22: عمر مصطفي سلامة علي | J22: 39 | K22: 40 | L22: 15 | M22: =IF(COUNTA(J22:L22)=0,0,SUM(J22:L22)) -> 94 | N22: 1 | O22: حاضر | P22: حاضر | Q22: حاضر | R22: حاضر | S22: حاضر | T22: {=IF(ISNUMBER(MATCH(TRIM(A22)&"", _xlfn._xlws.FILTER(TRIM(Project_Scores!$D$2:$D$300)&"", Project_Scores!$I$2:$I$300=TRUE, ""), 0)), "حاضر", "غائب")} -> غائب | U22: =IF(COUNTA(O22:T22)=0,"0 من 0",COUNTIF(O22:T22,"حاضر")&" من "&COUNTA(O22:T22)) -> 5 من 6 | V22: =IF(COUNTA(O22:T22)=0,0,COUNTIF(O22:T22,"حاضر")/COUNTA(O22:T22)) -> 0.83333333 | W22: =M22+N22 -> 95 | X22: 135 | Y22: =COUNTIF(O22:T22,"حاضر") -> 5 | Z22: =COUNTA(O22:T22) -> 6 | AA22: =COUNTIF(O22:T22,"حاضر")+(COUNTIF(O22:T22,"مستأذن")*0.5)+X22 -> 140
A23: 20241700590 | B23: عمرو خالد أحمد محمود | C23: 20241700590 | D23: Level 2 | E23: General ( طلاب المستوى الأول والثاني خلال العام الدراسي السابق 25-26) | F23: 20241700590@cis.asu.edu.eg | G23: amr.k.eltaweel@gmail.com | H23: 01002748249 | I23: نور جاد علي جاد | J23: 55 | K23: 37 | L23: 35 | M23: =IF(COUNTA(J23:L23)=0,0,SUM(J23:L23)) -> 127 | N23: 3 | O23: حاضر | P23: حاضر | Q23: حاضر | R23: مستأذن | S23: حاضر | T23: {=IF(ISNUMBER(MATCH(TRIM(A23)&"", _xlfn._xlws.FILTER(TRIM(Project_Scores!$D$2:$D$300)&"", Project_Scores!$I$2:$I$300=TRUE, ""), 0)), "حاضر", "غائب")} -> غائب | U23: =IF(COUNTA(O23:T23)=0,"0 من 0",COUNTIF(O23:T23,"حاضر")&" من "&COUNTA(O23:T23)) -> 4 من 6 | V23: =IF(COUNTA(O23:T23)=0,0,COUNTIF(O23:T23,"حاضر")/COUNTA(O23:T23)) -> 0.66666667 | W23: =M23+N23 -> 130 | X23: 160 | Y23: =COUNTIF(O23:T23,"حاضر") -> 4 | Z23: =COUNTA(O23:T23) -> 6 | AA23: =COUNTIF(O23:T23,"حاضر")+(COUNTIF(O23:T23,"مستأذن")*0.5)+X23 -> 164.5
A24: 20241700088 | B24: آدم احمد سمير إبراهيم | C24: 20241700088 | D24: Level 2 | E24: General ( طلاب المستوى الأول والثاني خلال العام الدراسي السابق 25-26) | F24: 20241700088@cis.asu.edu.eg | G24: adam.samir26220@gmail.com | H24: 01116979793 | I24: نانسي محمد جلال عباس | J24: 55 | K24: 38 | L24: 25 | M24: =IF(COUNTA(J24:L24)=0,0,SUM(J24:L24)) -> 118 | N24: 0 | O24: حاضر | P24: حاضر | Q24: حاضر | R24: حاضر | S24: حاضر | T24: {=IF(ISNUMBER(MATCH(TRIM(A24)&"", _xlfn._xlws.FILTER(TRIM(Project_Scores!$D$2:$D$300)&"", Project_Scores!$I$2:$I$300=TRUE, ""), 0)), "حاضر", "غائب")} -> غائب | U24: =IF(COUNTA(O24:T24)=0,"0 من 0",COUNTIF(O24:T24,"حاضر")&" من "&COUNTA(O24:T24)) -> 5 من 6 | V24: =IF(COUNTA(O24:T24)=0,0,COUNTIF(O24:T24,"حاضر")/COUNTA(O24:T24)) -> 0.83333333 | W24: =M24+N24 -> 118 | X24: 158 | Y24: =COUNTIF(O24:T24,"حاضر") -> 5 | Z24: =COUNTA(O24:T24) -> 6 | AA24: =COUNTIF(O24:T24,"حاضر")+(COUNTIF(O24:T24,"مستأذن")*0.5)+X24 -> 163
A25: 20241700049 | B25: احمد علي محمد علي حماده | C25: 20241700049 | D25: Level 2 | E25: General ( طلاب المستوى الأول والثاني خلال العام الدراسي السابق 25-26) | F25: 20241700049@cis.asu.edu.eg | G25: ahmed.thatha12@gmail.com | H25: 01110963213 | I25: عمر مصطفي سلامة علي | J25: 40 | K25: 40 | L25: 15 | M25: =IF(COUNTA(J25:L25)=0,0,SUM(J25:L25)) -> 95 | N25: 0 | O25: حاضر | P25: حاضر | Q25: حاضر | R25: غائب | S25: حاضر | T25: {=IF(ISNUMBER(MATCH(TRIM(A25)&"", _xlfn._xlws.FILTER(TRIM(Project_Scores!$D$2:$D$300)&"", Project_Scores!$I$2:$I$300=TRUE, ""), 0)), "حاضر", "غائب")} -> غائب | U25: =IF(COUNTA(O25:T25)=0,"0 من 0",COUNTIF(O25:T25,"حاضر")&" من "&COUNTA(O25:T25)) -> 4 من 6 | V25: =IF(COUNTA(O25:T25)=0,0,COUNTIF(O25:T25,"حاضر")/COUNTA(O25:T25)) -> 0.66666667 | W25: =M25+N25 -> 95 | X25: 125 | Y25: =COUNTIF(O25:T25,"حاضر") -> 4 | Z25: =COUNTA(O25:T25) -> 6 | AA25: =COUNTIF(O25:T25,"حاضر")+(COUNTIF(O25:T25,"مستأذن")*0.5)+X25 -> 129
A26: 20251701741 | B26: ملك حسين علي عبداللاه | C26: 20251701741 | D26: Level 1 | E26: SW Engineering | F26: 20251701741@cis.asu.edu.eg | G26: malakeltahan59@gmail.com | H26: 01062418859 | I26: منة الله وحيد محمد على | J26: 55 | K26: 32.5 | L26: 0 | M26: =IF(COUNTA(J26:L26)=0,0,SUM(J26:L26)) -> 87.5 | N26: 0 | O26: حاضر | P26: حاضر | Q26: حاضر | R26: حاضر | S26: حاضر | T26: {=IF(ISNUMBER(MATCH(TRIM(A26)&"", _xlfn._xlws.FILTER(TRIM(Project_Scores!$D$2:$D$300)&"", Project_Scores!$I$2:$I$300=TRUE, ""), 0)), "حاضر", "غائب")} -> غائب | U26: =IF(COUNTA(O26:T26)=0,"0 من 0",COUNTIF(O26:T26,"حاضر")&" من "&COUNTA(O26:T26)) -> 5 من 6 | V26: =IF(COUNTA(O26:T26)=0,0,COUNTIF(O26:T26,"حاضر")/COUNTA(O26:T26)) -> 0.83333333 | W26: =M26+N26 -> 87.5 | X26: 127.5 | Y26: =COUNTIF(O26:T26,"حاضر") -> 5 | Z26: =COUNTA(O26:T26) -> 6 | AA26: =COUNTIF(O26:T26,"حاضر")+(COUNTIF(O26:T26,"مستأذن")*0.5)+X26 -> 132.5
A27: 2023170051 | B27: احمد محمد احمد حفني | C27: 2023170051 | D27: Level 3 | E27: Scientific Computing | F27: 2023170051@cis.asu.edu.eg | G27: ahmedmohammmed875@gmail.com | H27: 01091841380 | I27: محمد طاهر محمد محمود | J27: 50 | K27: 30 | L27: 20 | M27: =IF(COUNTA(J27:L27)=0,0,SUM(J27:L27)) -> 100 | N27: 8 | O27: حاضر | P27: حاضر | Q27: حاضر | R27: حاضر | S27: غائب | T27: {=IF(ISNUMBER(MATCH(TRIM(A27)&"", _xlfn._xlws.FILTER(TRIM(Project_Scores!$D$2:$D$300)&"", Project_Scores!$I$2:$I$300=TRUE, ""), 0)), "حاضر", "غائب")} -> غائب | U27: =IF(COUNTA(O27:T27)=0,"0 من 0",COUNTIF(O27:T27,"حاضر")&" من "&COUNTA(O27:T27)) -> 4 من 6 | V27: =IF(COUNTA(O27:T27)=0,0,COUNTIF(O27:T27,"حاضر")/COUNTA(O27:T27)) -> 0.66666667 | W27: =M27+N27 -> 108 | X27: 148 | Y27: =COUNTIF(O27:T27,"حاضر") -> 4 | Z27: =COUNTA(O27:T27) -> 6 | AA27: =COUNTIF(O27:T27,"حاضر")+(COUNTIF(O27:T27,"مستأذن")*0.5)+X27 -> 152
A28: 20241700232 | B28: جون باسم وجدي وهيب | C28: 20241700232 | D28: Level 2 | E28: General ( طلاب المستوى الأول والثاني خلال العام الدراسي السابق 25-26) | F28: 20241700232@cis.asu.edu.eg | G28: johnbassem48@gmail.com | H28: 01289264131 | I28: عبدالرحمن احمد احمد سند | J28: 40 | K28: 25 | L28: 17 | M28: =IF(COUNTA(J28:L28)=0,0,SUM(J28:L28)) -> 82 | N28: 0 | O28: غائب | P28: حاضر | Q28: حاضر | R28: حاضر | S28: حاضر | T28: {=IF(ISNUMBER(MATCH(TRIM(A28)&"", _xlfn._xlws.FILTER(TRIM(Project_Scores!$D$2:$D$300)&"", Project_Scores!$I$2:$I$300=TRUE, ""), 0)), "حاضر", "غائب")} -> غائب | U28: =IF(COUNTA(O28:T28)=0,"0 من 0",COUNTIF(O28:T28,"حاضر")&" من "&COUNTA(O28:T28)) -> 4 من 6 | V28: =IF(COUNTA(O28:T28)=0,0,COUNTIF(O28:T28,"حاضر")/COUNTA(O28:T28)) -> 0.66666667 | W28: =M28+N28 -> 82 | X28: 112 | Y28: =COUNTIF(O28:T28,"حاضر") -> 4 | Z28: =COUNTA(O28:T28) -> 6 | AA28: =COUNTIF(O28:T28,"حاضر")+(COUNTIF(O28:T28,"مستأذن")*0.5)+X28 -> 116
A29: 20251700432 | B29: عبدالله كرم ابوزيد سيف | C29: 20251700432 | D29: Level 1 | E29: General ( طلاب المستوى الأول والثاني خلال العام الدراسي السابق 25-26) | F29: 20251700432@cis.asu.edu.eg | G29: abduallahkaram301@gmail.com | H29: 01093493111 | I29: ياسمين صلاح الدين عباس | J29: 50.5 | K29: 37 | L29: 35 | M29: =IF(COUNTA(J29:L29)=0,0,SUM(J29:L29)) -> 122.5 | N29: 29 | O29: حاضر | P29: حاضر | Q29: حاضر | R29: حاضر | S29: حاضر | T29: {=IF(ISNUMBER(MATCH(TRIM(A29)&"", _xlfn._xlws.FILTER(TRIM(Project_Scores!$D$2:$D$300)&"", Project_Scores!$I$2:$I$300=TRUE, ""), 0)), "حاضر", "غائب")} -> غائب | U29: =IF(COUNTA(O29:T29)=0,"0 من 0",COUNTIF(O29:T29,"حاضر")&" من "&COUNTA(O29:T29)) -> 5 من 6 | V29: =IF(COUNTA(O29:T29)=0,0,COUNTIF(O29:T29,"حاضر")/COUNTA(O29:T29)) -> 0.83333333 | W29: =M29+N29 -> 151.5 | X29: 191.5 | Y29: =COUNTIF(O29:T29,"حاضر") -> 5 | Z29: =COUNTA(O29:T29) -> 6 | AA29: =COUNTIF(O29:T29,"حاضر")+(COUNTIF(O29:T29,"مستأذن")*0.5)+X29 -> 196.5
A30: 20241700219 | B30: جنى ناصر محمد ذكى | C30: 20241700219 | D30: Level 2 | E30: General ( طلاب المستوى الأول والثاني خلال العام الدراسي السابق 25-26) | F30: 20241700219@cis.asu.edu.eg | G30: nasserjana671@gmail.com | H30: 01157158146 | I30: منة الله وحيد محمد على | J30: 54 | K30: 25 | L30: 21 | M30: =IF(COUNTA(J30:L30)=0,0,SUM(J30:L30)) -> 100 | N30: 0 | O30: حاضر | P30: مستأذن | Q30: حاضر | R30: حاضر | S30: حاضر | T30: {=IF(ISNUMBER(MATCH(TRIM(A30)&"", _xlfn._xlws.FILTER(TRIM(Project_Scores!$D$2:$D$300)&"", Project_Scores!$I$2:$I$300=TRUE, ""), 0)), "حاضر", "غائب")} -> غائب | U30: =IF(COUNTA(O30:T30)=0,"0 من 0",COUNTIF(O30:T30,"حاضر")&" من "&COUNTA(O30:T30)) -> 4 من 6 | V30: =IF(COUNTA(O30:T30)=0,0,COUNTIF(O30:T30,"حاضر")/COUNTA(O30:T30)) -> 0.66666667 | W30: =M30+N30 -> 100 | X30: 130 | Y30: =COUNTIF(O30:T30,"حاضر") -> 4 | Z30: =COUNTA(O30:T30) -> 6 | AA30: =COUNTIF(O30:T30,"حاضر")+(COUNTIF(O30:T30,"مستأذن")*0.5)+X30 -> 134.5
... A44: 20241700920 | B44: ندى محمود رياض نور الدين محمود | C44: 20241700920 | D44: Level 2 | E44: General ( طلاب المستوى الأول والثاني خلال العام الدراسي السابق 25-26) | F44: 20241700920@cis.asu.edu.eg | G44: nmr111006@gmail.com | H44: 01017817373 | I44: عبدالله هاني محمد نصر الدين عبدالحق | J44: 55 | K44: 45 | L44: 39 | M44: =IF(COUNTA(J44:L44)=0,0,SUM(J44:L44)) -> 139 | N44: 15 | O44: حاضر | P44: حاضر | Q44: حاضر | R44: حاضر | S44: حاضر | T44: {=IF(ISNUMBER(MATCH(TRIM(A44)&"", _xlfn._xlws.FILTER(TRIM(Project_Scores!$D$2:$D$300)&"", Project_Scores!$I$2:$I$300=TRUE, ""), 0)), "حاضر", "غائب")} -> غائب | U44: =IF(COUNTA(O44:T44)=0,"0 من 0",COUNTIF(O44:T44,"حاضر")&" من "&COUNTA(O44:T44)) -> 5 من 6 | V44: =IF(COUNTA(O44:T44)=0,0,COUNTIF(O44:T44,"حاضر")/COUNTA(O44:T44)) -> 0.83333333 | W44: =M44+N44 -> 154 | X44: 194 | Y44: =COUNTIF(O44:T44,"حاضر") -> 5 | Z44: =COUNTA(O44:T44) -> 6 | AA44: =COUNTIF(O44:T44,"حاضر")+(COUNTIF(O44:T44,"مستأذن")*0.5)+X44 -> 199
A45: 20251700025 | B45: احمد سالم السيد سليمان | C45: 20251700025 | D45: Level 1 | E45: General ( طلاب المستوى الأول والثاني خلال العام الدراسي السابق 25-26) | F45: 20251700025@cis.asu.edu.eg | G45: as2405897@gmail.com | H45: 01200690946 | I45: احمد اسماعيل سيد محمدي | J45: 54 | K45: 31 | L45: 15 | M45: =IF(COUNTA(J45:L45)=0,0,SUM(J45:L45)) -> 100 | N45: 8 | O45: حاضر | P45: حاضر | Q45: حاضر | R45: حاضر | S45: حاضر | T45: {=IF(ISNUMBER(MATCH(TRIM(A45)&"", _xlfn._xlws.FILTER(TRIM(Project_Scores!$D$2:$D$300)&"", Project_Scores!$I$2:$I$300=TRUE, ""), 0)), "حاضر", "غائب")} -> غائب | U45: =IF(COUNTA(O45:T45)=0,"0 من 0",COUNTIF(O45:T45,"حاضر")&" من "&COUNTA(O45:T45)) -> 5 من 6 | V45: =IF(COUNTA(O45:T45)=0,0,COUNTIF(O45:T45,"حاضر")/COUNTA(O45:T45)) -> 0.83333333 | W45: =M45+N45 -> 108 | X45: 148 | Y45: =COUNTIF(O45:T45,"حاضر") -> 5 | Z45: =COUNTA(O45:T45) -> 6 | AA45: =COUNTIF(O45:T45,"حاضر")+(COUNTIF(O45:T45,"مستأذن")*0.5)+X45 -> 153 | AC45: =COUNTIF(T:T, "حاضر") -> 0
A46: 20241700935 | B46: نوران محمد السيد محمد نصر | C46: 20241700935 | D46: Level 2 | E46: General ( طلاب المستوى الأول والثاني خلال العام الدراسي السابق 25-26) | F46: 20241700935@cis.asu.edu.eg | G46: nouran3367@gmail.com | H46: 01280841784 | I46: 3bdullah | J46: 55 | K46: 45 | L46: 37 | M46: =IF(COUNTA(J46:L46)=0,0,SUM(J46:L46)) -> 137 | N46: 8 | O46: حاضر | P46: حاضر | Q46: حاضر | R46: حاضر | S46: حاضر | T46: {=IF(ISNUMBER(MATCH(TRIM(A46)&"", _xlfn._xlws.FILTER(TRIM(Project_Scores!$D$2:$D$300)&"", Project_Scores!$I$2:$I$300=TRUE, ""), 0)), "حاضر", "غائب")} -> غائب | U46: =IF(COUNTA(O46:T46)=0,"0 من 0",COUNTIF(O46:T46,"حاضر")&" من "&COUNTA(O46:T46)) -> 5 من 6 | V46: =IF(COUNTA(O46:T46)=0,0,COUNTIF(O46:T46,"حاضر")/COUNTA(O46:T46)) -> 0.83333333 | W46: =M46+N46 -> 145 | X46: 185 | Y46: =COUNTIF(O46:T46,"حاضر") -> 5 | Z46: =COUNTA(O46:T46) -> 6 | AA46: =COUNTIF(O46:T46,"حاضر")+(COUNTIF(O46:T46,"مستأذن")*0.5)+X46 -> 190
A47: 2023170326 | B47: عبدالله يسرى ثابت عبدالرحمن | C47: 2023170326 | D47: Level 3 | E47: Information Systems | F47: 2023170326@cis.asu.edu.eg | G47: youserythabet@gmail.com | H47: 01158777563 | I47: ياسمين صلاح الدين عباس | J47: 40 | K47: 43 | L47: 0 | M47: =IF(COUNTA(J47:L47)=0,0,SUM(J47:L47)) -> 83 | N47: 16 | O47: حاضر | P47: حاضر | Q47: حاضر | R47: حاضر | S47: حاضر | T47: {=IF(ISNUMBER(MATCH(TRIM(A47)&"", _xlfn._xlws.FILTER(TRIM(Project_Scores!$D$2:$D$300)&"", Project_Scores!$I$2:$I$300=TRUE, ""), 0)), "حاضر", "غائب")} -> غائب | U47: =IF(COUNTA(O47:T47)=0,"0 من 0",COUNTIF(O47:T47,"حاضر")&" من "&COUNTA(O47:T47)) -> 5 من 6 | V47: =IF(COUNTA(O47:T47)=0,0,COUNTIF(O47:T47,"حاضر")/COUNTA(O47:T47)) -> 0.83333333 | W47: =M47+N47 -> 99 | X47: 139 | Y47: =COUNTIF(O47:T47,"حاضر") -> 5 | Z47: =COUNTA(O47:T47) -> 6 | AA47: =COUNTIF(O47:T47,"حاضر")+(COUNTIF(O47:T47,"مستأذن")*0.5)+X47 -> 144
A48: 20231700213 | B48: تقى حسنى محمود محمد | C48: 20231700213 | D48: Level 3 | E48: Artificial Intelligence | F48: 20231700213@cis.asu.edu.eg | G48: tokahosnyy@gmail.com | H48: 01555931607 | I48: منة الله وحيد محمد على | J48: 55 | K48: 37.5 | L48: 36 | M48: =IF(COUNTA(J48:L48)=0,0,SUM(J48:L48)) -> 128.5 | N48: 0 | O48: حاضر | P48: حاضر | Q48: حاضر | R48: غائب | S48: غائب | T48: {=IF(ISNUMBER(MATCH(TRIM(A48)&"", _xlfn._xlws.FILTER(TRIM(Project_Scores!$D$2:$D$300)&"", Project_Scores!$I$2:$I$300=TRUE, ""), 0)), "حاضر", "غائب")} -> غائب | U48: =IF(COUNTA(O48:T48)=0,"0 من 0",COUNTIF(O48:T48,"حاضر")&" من "&COUNTA(O48:T48)) -> 3 من 6 | V48: =IF(COUNTA(O48:T48)=0,0,COUNTIF(O48:T48,"حاضر")/COUNTA(O48:T48)) -> 0.5 | W48: =M48+N48 -> 128.5 | X48: 158.5 | Y48: =COUNTIF(O48:T48,"حاضر") -> 3 | Z48: =COUNTA(O48:T48) -> 6 | AA48: =COUNTIF(O48:T48,"حاضر")+(COUNTIF(O48:T48,"مستأذن")*0.5)+X48 -> 161.5
A49: 20241700208 | B49: جمال حسام الدين مصطفى | C49: 20241700208 | D49: Level 2 | E49: General ( طلاب المستوى الأول والثاني خلال العام الدراسي السابق 25-26) | F49: 20241700208@cis.asu.edu.eg | G49: ghossam.618979@gmail.com | H49: 01155384335 | I49: نانسي محمد جلال عباس | J49: 38 | K49: 40 | L49: 20 | M49: =IF(COUNTA(J49:L49)=0,0,SUM(J49:L49)) -> 98 | N49: 12 | O49: حاضر | P49: حاضر | Q49: حاضر | R49: حاضر | S49: غائب | T49: {=IF(ISNUMBER(MATCH(TRIM(A49)&"", _xlfn._xlws.FILTER(TRIM(Project_Scores!$D$2:$D$300)&"", Project_Scores!$I$2:$I$300=TRUE, ""), 0)), "حاضر", "غائب")} -> غائب | U49: =IF(COUNTA(O49:T49)=0,"0 من 0",COUNTIF(O49:T49,"حاضر")&" من "&COUNTA(O49:T49)) -> 4 من 6 | V49: =IF(COUNTA(O49:T49)=0,0,COUNTIF(O49:T49,"حاضر")/COUNTA(O49:T49)) -> 0.66666667 | W49: =M49+N49 -> 110 | X49: 150 | Y49: =COUNTIF(O49:T49,"حاضر") -> 4 | Z49: =COUNTA(O49:T49) -> 6 | AA49: =COUNTIF(O49:T49,"حاضر")+(COUNTIF(O49:T49,"مستأذن")*0.5)+X49 -> 154
A50: 20231700233 | B50: علي عمرو محمد عبدالهادي | C50: 20231700233 | D50: Level 3 | E50: Artificial Intelligence | F50: 20231700233@cis.asu.edu.eg | G50: oppoa31omar@gmail.com | H50: 01066973048 | I50: اسراء محمود | J50: 55 | K50: 45 | L50: 40 | M50: =IF(COUNTA(J50:L50)=0,0,SUM(J50:L50)) -> 140 | N50: 6 | O50: حاضر | P50: حاضر | Q50: حاضر | R50: حاضر | S50: حاضر | T50: {=IF(ISNUMBER(MATCH(TRIM(A50)&"", _xlfn._xlws.FILTER(TRIM(Project_Scores!$D$2:$D$300)&"", Project_Scores!$I$2:$I$300=TRUE, ""), 0)), "حاضر", "غائب")} -> غائب | U50: =IF(COUNTA(O50:T50)=0,"0 من 0",COUNTIF(O50:T50,"حاضر")&" من "&COUNTA(O50:T50)) -> 5 من 6 | V50: =IF(COUNTA(O50:T50)=0,0,COUNTIF(O50:T50,"حاضر")/COUNTA(O50:T50)) -> 0.83333333 | W50: =M50+N50 -> 146 | X50: 186 | Y50: =COUNTIF(O50:T50,"حاضر") -> 5 | Z50: =COUNTA(O50:T50) -> 6 | AA50: =COUNTIF(O50:T50,"حاضر")+(COUNTIF(O50:T50,"مستأذن")*0.5)+X50 -> 191
A51: 2023170065 | B51: احمد نبيل عبدالرحمن عبدالرحمن | C51: 2023170065 | D51: Level 3 | E51: Information Systems | F51: 2023170065@cis.asu.edu.eg | G51: nabilion987@gmail.com | H51: 01017599487 | I51: اسراء محمود | J51: 0 | K51: 0 | L51: 0 | M51: =IF(COUNTA(J51:L51)=0,0,SUM(J51:L51)) -> 0 | N51: 5 | O51: حاضر | P51: حاضر | Q51: حاضر | R51: حاضر | S51: حاضر | T51: {=IF(ISNUMBER(MATCH(TRIM(A51)&"", _xlfn._xlws.FILTER(TRIM(Project_Scores!$D$2:$D$300)&"", Project_Scores!$I$2:$I$300=TRUE, ""), 0)), "حاضر", "غائب")} -> غائب | U51: =IF(COUNTA(O51:T51)=0,"0 من 0",COUNTIF(O51:T51,"حاضر")&" من "&COUNTA(O51:T51)) -> 5 من 6 | V51: =IF(COUNTA(O51:T51)=0,0,COUNTIF(O51:T51,"حاضر")/COUNTA(O51:T51)) -> 0.83333333 | W51: =M51+N51 -> 5 | X51: 45 | Y51: =COUNTIF(O51:T51,"حاضر") -> 5 | Z51: =COUNTA(O51:T51) -> 6 | AA51: =COUNTIF(O51:T51,"حاضر")+(COUNTIF(O51:T51,"مستأذن")*0.5)+X51 -> 50
A52: 2023170597 | B52: مشكاة النعمان احمد عمر | C52: 2023170597 | D52: Level 3 | E52: Scientific Computing | F52: 2023170597@cis.asu.edu.eg | G52: m15.1234567fg@gmail.com | H52: 01124125633 | I52: عبدالرحمن احمد احمد سند | J52: 39 | K52: 25 | L52: 15 | M52: =IF(COUNTA(J52:L52)=0,0,SUM(J52:L52)) -> 79 | N52: 0 | O52: حاضر | P52: مستأذن | Q52: حاضر | R52: حاضر | S52: حاضر | T52: {=IF(ISNUMBER(MATCH(TRIM(A52)&"", _xlfn._xlws.FILTER(TRIM(Project_Scores!$D$2:$D$300)&"", Project_Scores!$I$2:$I$300=TRUE, ""), 0)), "حاضر", "غائب")} -> غائب | U52: =IF(COUNTA(O52:T52)=0,"0 من 0",COUNTIF(O52:T52,"حاضر")&" من "&COUNTA(O52:T52)) -> 4 من 6 | V52: =IF(COUNTA(O52:T52)=0,0,COUNTIF(O52:T52,"حاضر")/COUNTA(O52:T52)) -> 0.66666667 | W52: =M52+N52 -> 79 | X52: 109 | Y52: =COUNTIF(O52:T52,"حاضر") -> 4 | Z52: =COUNTA(O52:T52) -> 6 | AA52: =COUNTIF(O52:T52,"حاضر")+(COUNTIF(O52:T52,"مستأذن")*0.5)+X52 -> 113.5
A53: 20241700770 | B53: محمد يوسف عباس مرسي | C53: 20241700770 | D53: Level 2 | E53: General ( طلاب المستوى الأول والثاني خلال العام الدراسي السابق 25-26) | F53: 20241700770@cis.asu.edu.eg | G53: mohamedyoussef22328@gmail.com | H53: 01122556021 | I53: عبدالرحمن احمد احمد سند | J53: 40 | K53: 25 | L53: 15 | M53: =IF(COUNTA(J53:L53)=0,0,SUM(J53:L53)) -> 80 | N53: 0 | O53: حاضر | P53: حاضر | Q53: حاضر | R53: حاضر | S53: حاضر | T53: {=IF(ISNUMBER(MATCH(TRIM(A53)&"", _xlfn._xlws.FILTER(TRIM(Project_Scores!$D$2:$D$300)&"", Project_Scores!$I$2:$I$300=TRUE, ""), 0)), "حاضر", "غائب")} -> غائب | U53: =IF(COUNTA(O53:T53)=0,"0 من 0",COUNTIF(O53:T53,"حاضر")&" من "&COUNTA(O53:T53)) -> 5 من 6 | V53: =IF(COUNTA(O53:T53)=0,0,COUNTIF(O53:T53,"حاضر")/COUNTA(O53:T53)) -> 0.83333333 | W53: =M53+N53 -> 80 | X53: 120 | Y53: =COUNTIF(O53:T53,"حاضر") -> 5 | Z53: =COUNTA(O53:T53) -> 6 | AA53: =COUNTIF(O53:T53,"حاضر")+(COUNTIF(O53:T53,"مستأذن")*0.5)+X53 -> 125
A54: 20251700271 | B54: رنا صبحي متولي حسن | C54: 20251700271 | D54: Level 1 | E54: General ( طلاب المستوى الأول والثاني خلال العام الدراسي السابق 25-26) | F54: 20251700271@cis.asu.edu.eg | G54: ranasobhy112007@gmail.com | H54: 01092850291 | I54: 3bdullah | J54: 50 | K54: 40 | L54: 35 | M54: =IF(COUNTA(J54:L54)=0,0,SUM(J54:L54)) -> 125 | N54: 6 | O54: حاضر | P54: حاضر | Q54: حاضر | R54: حاضر | S54: حاضر | T54: {=IF(ISNUMBER(MATCH(TRIM(A54)&"", _xlfn._xlws.FILTER(TRIM(Project_Scores!$D$2:$D$300)&"", Project_Scores!$I$2:$I$300=TRUE, ""), 0)), "حاضر", "غائب")} -> غائب | U54: =IF(COUNTA(O54:T54)=0,"0 من 0",COUNTIF(O54:T54,"حاضر")&" من "&COUNTA(O54:T54)) -> 5 من 6 | V54: =IF(COUNTA(O54:T54)=0,0,COUNTIF(O54:T54,"حاضر")/COUNTA(O54:T54)) -> 0.83333333 | W54: =M54+N54 -> 131 | X54: 171 | Y54: =COUNTIF(O54:T54,"حاضر") -> 5 | Z54: =COUNTA(O54:T54) -> 6 | AA54: =COUNTIF(O54:T54,"حاضر")+(COUNTIF(O54:T54,"مستأذن")*0.5)+X54 -> 176
A55: 20231700251 | B55: ميرنا ناصر شفيق كرلس | C55: 20231700251 | D55: Level 3 | E55: Artificial Intelligence | F55: 20231700251@cis.asu.edu.eg | G55: mernanassermerna@gmail.com | H55: 01273919845 | I55: ياسمين صلاح الدين عباس | J55: 54 | K55: 44 | L55: 43 | M55: =IF(COUNTA(J55:L55)=0,0,SUM(J55:L55)) -> 141 | N55: 0 | O55: حاضر | P55: غائب | Q55: حاضر | R55: حاضر | S55: حاضر | T55: {=IF(ISNUMBER(MATCH(TRIM(A55)&"", _xlfn._xlws.FILTER(TRIM(Project_Scores!$D$2:$D$300)&"", Project_Scores!$I$2:$I$300=TRUE, ""), 0)), "حاضر", "غائب")} -> غائب | U55: =IF(COUNTA(O55:T55)=0,"0 من 0",COUNTIF(O55:T55,"حاضر")&" من "&COUNTA(O55:T55)) -> 4 من 6 | V55: =IF(COUNTA(O55:T55)=0,0,COUNTIF(O55:T55,"حاضر")/COUNTA(O55:T55)) -> 0.66666667 | W55: =M55+N55 -> 141 | X55: 171 | Y55: =COUNTIF(O55:T55,"حاضر") -> 4 | Z55: =COUNTA(O55:T55) -> 6 | AA55: =COUNTIF(O55:T55,"حاضر")+(COUNTIF(O55:T55,"مستأذن")*0.5)+X55 -> 175
A56: 20241701642 | B56: يوسف حليم حلمي شهدي | C56: 20241701642 | D56: Level 2 | E56: Artificial Intelligence | F56: 20241701642@cis.asu.edu.eg | G56: joeyjoeyjoesjoes@gmail.com | H56: 01208788726 | I56: رامز مجدي صبحي غالي | J56: 45 | K56: 0 | L56: 0 | M56: =IF(COUNTA(J56:L56)=0,0,SUM(J56:L56)) -> 45 | N56: 13 | O56: حاضر | P56: حاضر | Q56: حاضر | R56: غائب | S56: حاضر | T56: {=IF(ISNUMBER(MATCH(TRIM(A56)&"", _xlfn._xlws.FILTER(TRIM(Project_Scores!$D$2:$D$300)&"", Project_Scores!$I$2:$I$300=TRUE, ""), 0)), "حاضر", "غائب")} -> غائب | U56: =IF(COUNTA(O56:T56)=0,"0 من 0",COUNTIF(O56:T56,"حاضر")&" من "&COUNTA(O56:T56)) -> 4 من 6 | V56: =IF(COUNTA(O56:T56)=0,0,COUNTIF(O56:T56,"حاضر")/COUNTA(O56:T56)) -> 0.66666667 | W56: =M56+N56 -> 58 | X56: 88 | Y56: =COUNTIF(O56:T56,"حاضر") -> 4 | Z56: =COUNTA(O56:T56) -> 6 | AA56: =COUNTIF(O56:T56,"حاضر")+(COUNTIF(O56:T56,"مستأذن")*0.5)+X56 -> 92
A57: 20251700670 | B57: محمد احمد عبدالرحيم عبدالرسول | C57: 20251700670 | D57: Level 1 | E57: General ( طلاب المستوى الأول والثاني خلال العام الدراسي السابق 25-26) | F57: 20251700670@cis.asu.edu.eg | G57: ma44747263@gmail.com | H57: 01120117137 | I57: 3bdullah | J57: 47.5 | K57: 32 | L57: 35 | M57: =IF(COUNTA(J57:L57)=0,0,SUM(J57:L57)) -> 114.5 | N57: 6 | O57: حاضر | P57: حاضر | Q57: حاضر | R57: حاضر | S57: حاضر | T57: {=IF(ISNUMBER(MATCH(TRIM(A57)&"", _xlfn._xlws.FILTER(TRIM(Project_Scores!$D$2:$D$300)&"", Project_Scores!$I$2:$I$300=TRUE, ""), 0)), "حاضر", "غائب")} -> غائب | U57: =IF(COUNTA(O57:T57)=0,"0 من 0",COUNTIF(O57:T57,"حاضر")&" من "&COUNTA(O57:T57)) -> 5 من 6 | V57: =IF(COUNTA(O57:T57)=0,0,COUNTIF(O57:T57,"حاضر")/COUNTA(O57:T57)) -> 0.83333333 | W57: =M57+N57 -> 120.5 | X57: 160.5 | Y57: =COUNTIF(O57:T57,"حاضر") -> 5 | Z57: =COUNTA(O57:T57) -> 6 | AA57: =COUNTIF(O57:T57,"حاضر")+(COUNTIF(O57:T57,"مستأذن")*0.5)+X57 -> 165.5
... A193: 20241700995 | B193: يوأنا ريمون منير | C193: 20241700995 | D193: Level 2 | E193: General | F193: 20241700995@cis.asu.edu.eg | G193: 20241700995@cis.asu.edu.eg | H193: 0111111111111 | I193: نانسي محمد جلال عباس | J193: 40 | K193: 40 | L193: 20 | M193: =IF(COUNTA(J193:L193)=0,0,SUM(J193:L193)) -> 100 | N193: 2 | O193: حاضر | P193: حاضر | Q193: حاضر | R193: حاضر | S193: حاضر | T193: {=IF(ISNUMBER(MATCH(TRIM(A193)&"", _xlfn._xlws.FILTER(TRIM(Project_Scores!$D$2:$D$300)&"", Project_Scores!$I$2:$I$300=TRUE, ""), 0)), "حاضر", "غائب")} -> غائب | U193: =IF(COUNTA(O193:T193)=0,"0 من 0",COUNTIF(O193:T193,"حاضر")&" من "&COUNTA(O193:T193)) -> 5 من 6 | V193: =IF(COUNTA(O193:T193)=0,0,COUNTIF(O193:T193,"حاضر")/COUNTA(O193:T193)) -> 0.83333333 | W193: =M193+N193 -> 102 | X193: 142 | Y193: =COUNTIF(O193:T193,"حاضر") -> 5 | Z193: =COUNTA(O193:T193) -> 6 | AA193: =COUNTIF(O193:T193,"حاضر")+(COUNTIF(O193:T193,"مستأذن")*0.5)+X193 -> 147

Sheet Project_Scores
A1: Team | B1: No. | C1: Student Name | D1: Student ID | E1: Individual Score (max 40) | F1: Full Project Score (max 80) | G1: Project Bonus (max 25) | H1: Total Project Score (max 145) | I1: Attendance
A2: team 1 | B2: 1 | C2: رنا صبحي متولي | D2: 20251700271 | E2: 0 | H2: =IF(OR(E2="",F2="",G2=""),"",E2+F2+G2) | I2: FALSE
B3: 2 | C3: مرام ياسر على السيد | D3: 20251700766 | H3: =IF(OR(E3="",F2="",G2=""),"",E3+F2+G2) | I3: FALSE
B4: 3 | C4: مريم ياسر علي السيد | D4: 20251700797 | H4: =IF(OR(E4="",F2="",G2=""),"",E4+F2+G2) | I4: FALSE
B5: 4 | C5: فاطمة سامي محمد احمد | D5: 20251700575 | H5: =IF(OR(E5="",F2="",G2=""),"",E5+F2+G2) | I5: FALSE
B6: 5 | C6: رؤى البدرى السيد توفيق | D6: 20251700257 | H6: =IF(OR(E6="",F2="",G2=""),"",E6+F2+G2) | I6: FALSE
A7: team 2 | B7: 1 | C7: ياسمين حسام عادل حسانين | D7: 20251701139 | H7: =IF(OR(E7="",F7="",G7=""),"",E7+F7+G7) | I7: FALSE
B8: 2 | C8: سما عباس سيد يوسف | D8: 20251700360 | H8: =IF(OR(E8="",F7="",G7=""),"",E8+F7+G7) | I8: FALSE
B9: 3 | C9: اسماء احمد عزت عبدالمطلب | D9: 20251700097 | H9: =IF(OR(E9="",F7="",G7=""),"",E9+F7+G7) | I9: FALSE
B10: 4 | C10: عمر ايمن بدر | D10: 20251700511 | H10: =IF(OR(E10="",F7="",G7=""),"",E10+F7+G7) | I10: FALSE
B11: 5 | C11: عمر احمد محمد إسماعيل | D11: 20251700500 | H11: =IF(OR(E11="",F7="",G7=""),"",E11+F7+G7) | I11: FALSE
A12: team 3 | B12: 1 | C12: محمود محمد عبد الرسول كريم محمود | D12: 20251700762 | H12: =IF(OR(E12="",F12="",G12=""),"",E12+F12+G12) | I12: FALSE
B13: 2 | C13: أحمد سالم السيد سليمان ربيع | D13: 20251700025 | H13: =IF(OR(E13="",F12="",G12=""),"",E13+F12+G12) | I13: FALSE
B14: 3 | C14: محمود طه أحمد محمد سيد | D14: 20251700758 | H14: =IF(OR(E14="",F12="",G12=""),"",E14+F12+G12) | I14: FALSE
B15: 4 | C15: عمر سعيد إسماعيل السيد فروح | D15: 20251700521 | H15: =IF(OR(E15="",F12="",G12=""),"",E15+F12+G12) | I15: FALSE
B16: 5 | C16: ملك حسين علي عبداللاه | D16: 20251701741 | H16: =IF(OR(E16="",F12="",G12=""),"",E16+F12+G12) | I16: FALSE
A17: team 4 | B17: 1 | C17: عل محمد منير علي زكي | D17: 20251701124 | H17: =IF(OR(E17="",F17="",G17=""),"",E17+F17+G17) | I17: FALSE
B18: 2 | C18: عبدالله كرم ابوزيد سيف | D18: 20251700432 | H18: =IF(OR(E18="",F17="",G17=""),"",E18+F17+G17) | I18: FALSE
B19: 3 | C19: بيشوي امجد فوزي عبدالملاك | D19: 2023170147 | H19: =IF(OR(E19="",F17="",G17=""),"",E19+F17+G17) | I19: FALSE
B20: 4 | C20: معاذ هاني عبدالستار عبدالحليم | D20: 20251701090 | H20: =IF(OR(E20="",F17="",G17=""),"",E20+F17+G17) | I20: FALSE
B21: 5 | C21: بيشوي كرم اسعد ذكي | D21: 2023170149 | H21: =IF(OR(E21="",F17="",G17=""),"",E21+F17+G17) | I21: FALSE
A22: team 5 | B22: 1 | C22: محممود أحمد رأفت | D22: 20251700750 | H22: =IF(OR(E22="",F22="",G22=""),"",E22+F22+G22) | I22: FALSE
B23: 2 | C23: آيه محمد أداره | D23: 20251701037 | H23: =IF(OR(E23="",F22="",G22=""),"",E23+F22+G22) | I23: FALSE
B24: 3 | C24: رضوي علاء الدين | D24: 20251700264 | H24: =IF(OR(E24="",F22="",G22=""),"",E24+F22+G22) | I24: FALSE
B25: 4 | C25: مروان خالد عبد الجواد | D25: 20251700769 | H25: =IF(OR(E25="",F22="",G22=""),"",E25+F22+G22) | I25: FALSE
B26: 5 | C26: معاذ محمد عبد النبي | D26: 20251700824 | H26: =IF(OR(E26="",F22="",G22=""),"",E26+F22+G22) | I26: FALSE
A27: team 6 | B27: 1 | C27: ماريا بولس ابراهيم | D27: 20241700670 | H27: =IF(OR(E27="",F27="",G27=""),"",E27+F27+G27) | I27: FALSE
B28: 2 | C28: يوأنا ريمون منير | D28: 20241700995 | H28: =IF(OR(E28="",F27="",G27=""),"",E28+F27+G27) | I28: FALSE
B29: 3 | C29: جورج جمال عبده | D29: 20241700225 | H29: =IF(OR(E29="",F27="",G27=""),"",E29+F27+G27) | I29: FALSE
B30: 4 | C30: جون باسم وجدى | D30: 20241700232 | H30: =IF(OR(E30="",F27="",G27=""),"",E30+F27+G27) | I30: FALSE
B31: 5 | C31: جمال حسام الدين مصطفى | D31: 20241700208 | H31: =IF(OR(E31="",F27="",G27=""),"",E31+F27+G27) | I31: FALSE
A32: team 7 | B32: 1 | C32: فيرونيكا امير رفعت جاد | D32: 20251700588 | H32: =IF(OR(E32="",F32="",G32=""),"",E32+F32+G32) | I32: FALSE
B33: 2 | C33: سما عمرو عبد الرحمن سعد | D33: 20251701172 | H33: =IF(OR(E33="",F32="",G32=""),"",E33+F32+G32) | I33: FALSE
B34: 3 | C34: سارة نسيم عزيز اسعد | D34: 20251700328 | H34: =IF(OR(E34="",F32="",G32=""),"",E34+F32+G32) | I34: FALSE
B35: 4 | C35: الاء عماد احمد محمد | D35: 20251700104 | H35: =IF(OR(E35="",F32="",G32=""),"",E35+F32+G32) | I35: FALSE
B36: 5 | C36: ملك محمد احمد يس | D36: 20251701092 | H36: =IF(OR(E36="",F32="",G32=""),"",E36+F32+G32) | I36: FALSE
A37: team 8 | B37: 1 | C37: آدم محمد عطيتو السيد | D37: 20241700089 | H37: =IF(OR(E37="",F37="",G37=""),"",E37+F37+G37) | I37: FALSE
B38: 2 | C38: سعيد مسعد سعيد محمد | D38: 20241700374 | H38: =IF(OR(E38="",F37="",G37=""),"",E38+F37+G37) | I38: FALSE
B39: 3 | C39: عمرو محمد مصطفي محمد | D39: 20241700600 | H39: =IF(OR(E39="",F37="",G37=""),"",E39+F37+G37) | I39: FALSE
B40: 4 | C40: بوش عماد جمال جاد | D40: 20241700196 | H40: =IF(OR(E40="",F37="",G37=""),"",E40+F37+G37) | I40: FALSE
B41: 5 | C41: عمرو خالد أحمد محمود الطويل | D41: 20241700590 | H41: =IF(OR(E41="",F37="",G37=""),"",E41+F37+G37) | I41: FALSE
A42: team 9 | B42: 1 | C42: احمد صابر احمد محمد | D42: 20241700037 | H42: =IF(OR(E42="",F42="",G42=""),"",E42+F42+G42) | I42: FALSE
B43: 2 | C43: احمد عادل عطيه صبري | D43: 20241700044 | H43: =IF(OR(E43="",F42="",G42=""),"",E43+F42+G42) | I43: FALSE
B44: 3 | C44: يوسف سيد فوزي عبدالرحيم | D44: 2023170731 | H44: =IF(OR(E44="",F42="",G42=""),"",E44+F42+G42) | I44: FALSE
B45: 4 | C45: محمد عيد محمود سيد | D45: 20251701133 | H45: =IF(OR(E45="",F42="",G42=""),"",E45+F42+G42) | I45: FALSE
B46: 5 | C46: احمد ابوسريع ابراهيم سويلم | D46: 20241700014 | H46: =IF(OR(E46="",F42="",G42=""),"",E46+F42+G42) | I46: FALSE
A47: team 10 | B47: 1 | C47: حسن هاني حسن محمد | D47: 20251700235 | H47: =IF(OR(E47="",F47="",G47=""),"",E47+F47+G47) | I47: FALSE
B48: 2 | C48: أحمد عصام حسين محمود | D48: 20241701173 | H48: =IF(OR(E48="",F47="",G47=""),"",E48+F47+G47) | I48: FALSE
B49: 3 | C49: دانيال رأفت باقي يوسف | D49: 20241700290 | H49: =IF(OR(E49="",F47="",G47=""),"",E49+F47+G47) | I49: FALSE
B50: 4 | C50: خالد محمد مسعد السبع | D50: 20251700250 | H50: =IF(OR(E50="",F47="",G47=""),"",E50+F47+G47) | I50: FALSE
B51: 5 | C51: محمد ماجد سليمان مضوي | D51: 20251701232 | H51: =IF(OR(E51="",F47="",G47=""),"",E51+F47+G47) | I51: FALSE
A52: team 11 | B52: 1 | C52: محمد عاطف حسن علي | D52: 20251700704 | H52: =IF(OR(E52="",F52="",G52=""),"",E52+F52+G52) | I52: FALSE
B53: 2 | C53: علي عمرو محمد عبدالهادي | D53: 20231700233 | H53: =IF(OR(E53="",F52="",G52=""),"",E53+F52+G52) | I53: FALSE
B54: 3 | C54: محمد عبدالحميد سعيد النشار | D54: 20251700711 | H54: =IF(OR(E54="",F52="",G52=""),"",E54+F52+G52) | I54: FALSE
B55: 4 | C55: عمر فؤاد محمد الشافعي | D55: 20251700531 | H55: =IF(OR(E55="",F52="",G52=""),"",E55+F52+G52) | I55: FALSE
B56: 5 | C56: أنس أحمد عيسى أحمد | D56: 20251701110 | H56: =IF(OR(E56="",F52="",G52=""),"",E56+F52+G52) | I56: FALSE
A57: team 12 | B57: 1 | C57: نورهان سيد فواز سيد | D57: 20241701169 | H57: =IF(OR(E57="",F57="",G57=""),"",E57+F57+G57) | I57: FALSE
B58: 2 | C58: بلال محمد عشري | D58: 20251701155 | H58: =IF(OR(E58="",F57="",G57=""),"",E58+F57+G57) | I58: FALSE
B59: 3 | C59: ماريو فوزي وليم | D59: 2023170466 | H59: =IF(OR(E59="",F57="",G57=""),"",E59+F57+G57) | I59: FALSE
B60: 4 | C60: احمد حسن بيومي | D60: 20251701144 | H60: =IF(OR(E60="",F57="",G57=""),"",E60+F57+G57) | I60: FALSE
B61: 5 | C61: عامر وحيد هلال | D61: 20241701556 | H61: =IF(OR(E61="",F57="",G57=""),"",E61+F57+G57) | I61: FALSE
A62: team 13 | B62: 1 | C62: عمر مجدي علي | D62: 20241700568 | H62: =IF(OR(E62="",F62="",G62=""),"",E62+F62+G62) | I62: FALSE
B63: 2 | C63: محمد يوسف عباس | D63: 20241700770 | H63: =IF(OR(E63="",F62="",G62=""),"",E63+F62+G62) | I63: FALSE
B64: 3 | C64: عمر هشام محمد | D64: 20241700581 | H64: =IF(OR(E64="",F62="",G62=""),"",E64+F62+G62) | I64: FALSE
B65: 4 | C65: محمد كمال محمد | D65: 20241700741 | H65: =IF(OR(E65="",F62="",G62=""),"",E65+F62+G62) | I65: FALSE
B66: 5 | C66: احمد عبدالله عمر | D66: 20241700047 | H66: =IF(OR(E66="",F62="",G62=""),"",E66+F62+G62) | I66: FALSE
A67: team 14 | B67: 1 | C67: سيف الدين وليد حسني | D67: 20241700409 | H67: =IF(OR(E67="",F67="",G67=""),"",E67+F67+G67) | I67: FALSE
B68: 2 | C68: عبدالله محمد عبدالله قناوي | D68: 20241700515 | H68: =IF(OR(E68="",F67="",G67=""),"",E68+F67+G67) | I68: FALSE
B69: 3 | C69: رامز مجدي صبحي غالي | D69: 2023170213 | H69: =IF(OR(E69="",F67="",G67=""),"",E69+F67+G67) | I69: FALSE
B70: 4 | C70: ابراهيم محمد يسري احمد | D70: 2023170014 | H70: =IF(OR(E70="",F67="",G67=""),"",E70+F67+G67) | I70: FALSE
B71: 5 | C71: احمد اسماعيل سيد محمدي | D71: 2023170020 | H71: =IF(OR(E71="",F67="",G67=""),"",E71+F67+G67) | I71: FALSE
A72: team 15 | B72: 1 | C72: ندى محمود رياض نور الدين محمود | D72: 20241700920 | H72: =IF(OR(E72="",F72="",G72=""),"",E72+F72+G72) | I72: FALSE
B73: 2 | C73: نوران محمد السيد محمد نصر | D73: 20241700935 | H73: =IF(OR(E73="",F72="",G72=""),"",E73+F72+G72) | I73: FALSE
B74: 3 | C74: هايدي محمد عبد الفتاح | D74: 20241700953 | H74: =IF(OR(E74="",F72="",G72=""),"",E74+F72+G72) | I74: FALSE
B75: 4 | C75: نورين شريف عبد الفتاح شاهين | D75: 20241700943 | H75: =IF(OR(E75="",F72="",G72=""),"",E75+F72+G72) | I75: FALSE
B76: 5 | C76: عمر وليد سعيد علي | D76: 20241700585 | H76: =IF(OR(E76="",F72="",G72=""),"",E76+F72+G72) | I76: FALSE
A77: team 16 | B77: 1 | C77: عبدالرحمن احمد فاروق محمد فؤاد | D77: 20241701056 | H77: =IF(OR(E77="",F77="",G77=""),"",E77+F77+G77) | I77: FALSE
B78: 2 | C78: مهرائيل نسيم وليم | D78: 20251700862 | H78: =IF(OR(E78="",F77="",G77=""),"",E78+F77+G77) | I78: FALSE
B79: 3 | C79: مهرائيل مرقس جوزيف | D79: 20251700859 | H79: =IF(OR(E79="",F77="",G77=""),"",E79+F77+G77) | I79: FALSE
B80: 4 | C80: آدم احمد سمير | D80: 20241700088 | H80: =IF(OR(E80="",F77="",G77=""),"",E80+F77+G77) | I80: FALSE
B81: 5 | C81: هيلانه اسعد عبد الشهيد | D81: 20241700967 | H81: =IF(OR(E81="",F77="",G77=""),"",E81+F77+G77) | I81: FALSE
A82: team 17 | B82: 1 | C82: زياد احمد عبدالرازق سيد | D82: 20251700290 | H82: =IF(OR(E82="",F82="",G82=""),"",E82+F82+G82) | I82: FALSE
B83: 2 | C83: جورج الفريد منسي الكسان | D83: 20251700202 | H83: =IF(OR(E83="",F82="",G82=""),"",E83+F82+G82) | I83: FALSE
B84: 3 | C84: محمد احمد السيد محمود | D84: 20251700666 | H84: =IF(OR(E84="",F82="",G82=""),"",E84+F82+G82) | I84: FALSE
B85: 4 | C85: صلاح طاهر حسني | D85: 20251700408 | H85: =IF(OR(E85="",F82="",G82=""),"",E85+F82+G82) | I85: FALSE
B86: 5 | C86: محمد احمد عبدالرحيم عبدالرسول | D86: 20251700670 | H86: =IF(OR(E86="",F82="",G82=""),"",E86+F82+G82) | I86: FALSE
A87: team 18 | B87: 1 | C87: يحيي صلاح الدين عباس | D87: 20251700957 | H87: =IF(OR(E87="",F87="",G87=""),"",E87+F87+G87) | I87: FALSE
B88: 2 | C88: محمد رجب محمد قرني | D88: 2023170495 | H88: =IF(OR(E88="",F87="",G87=""),"",E88+F87+G87) | I88: FALSE
B89: 3 | C89: محمد باسم محمد الدسوقي | D89: 2022170358 | H89: =IF(OR(E89="",F87="",G87=""),"",E89+F87+G87) | I89: FALSE
B90: 4 | C90: عمر احمد خيرت مصطفى | D90: 20241701096 | H90: =IF(OR(E90="",F87="",G87=""),"",E90+F87+G87) | I90: FALSE
B91: 5 | C91: اشرف ابراهيم حسن | D91: 20251700101 | H91: =IF(OR(E91="",F87="",G87=""),"",E91+F87+G87) | I91: FALSE
A92: team 19 | B92: 1 | C92: احمد سامح حسن احمد محمد شوشه | D92: 20241700031 | H92: =IF(OR(E92="",F92="",G92=""),"",E92+F92+G92) | I92: FALSE
B93: 2 | C93: احمد شريف منصور السعيد | D93: 20241700036 | H93: =IF(OR(E93="",F92="",G92=""),"",E93+F92+G92) | I93: FALSE
B94: 3 | C94: احمد نبيل عبدالرحمن | D94: 2023170065 | H94: =IF(OR(E94="",F92="",G92=""),"",E94+F92+G92) | I94: FALSE
B95: 4 | C95: معاذ أحمد عيد نور | D95: 2023170619 | H95: =IF(OR(E95="",F92="",G92=""),"",E95+F92+G92) | I95: FALSE
B96: 5 | C96: يوسف سيد سليمان عبدالفضيل | D96: 2023170730 | H96: =IF(OR(E96="",F92="",G92=""),"",E96+F92+G92) | I96: FALSE
A97: team 20 | B97: 1 | C97: Aly mohamed mahmoud elshafei | D97: 20241701617 | H97: =IF(OR(E97="",F97="",G97=""),"",E97+F97+G97) | I97: FALSE
B98: 2 | C98: Omar waleed | D98: 20241701619 | H98: =IF(OR(E98="",F97="",G97=""),"",E98+F97+G97) | I98: FALSE
B99: 3 | C99: يوسف محمد ايمن عبد الحميد اردش | D99: 20241701909 | H99: =IF(OR(E99="",F97="",G97=""),"",E99+F97+G97) | I99: FALSE
B100: 4 | C100: Hamza tarek rashad | D100: 20241701611 | H100: =IF(OR(E100="",F97="",G97=""),"",E100+F97+G97) | I100: FALSE
...

Sheet Project_Teams
A1: Team | B1: No. | C1: Student Name | D1: Student ID | E1: Academic Level | F1: Program | G1: Mobile Number | H1: University Email | I1: Supporter | J1: Individual Score (max 40) | K1: Full Project Score (max 80) | L1: Project Bonus (max 25) | M1: Total Project Score (max 145) | N1: Tasks Score (max 135) | O1: Attendance Rate (%) | P1: Attendance Score (out of sessions×20) | Q1: Tasks % | R1: Attendance % | S1: Project % | T1: Final Grade % | U1: Attendance ≥60%? | V1: Success Status
A2: team 1 | B2: 1 | C2: رنا صبحي متولي | D2: 20251700271 | E2: المستوى الأول/ Level 1 | F2: General (Mainstream) / عام | G2: 01092850291 | H2: 20251700271@cis.asu.edu.eg | I2: Nancy Mohamed | J2: =IFERROR(_xlfn.XLOOKUP(D2, Project_Scores!$D:$D, Project_Scores!$E:$E, 0), 0) -> 0 | K2: =IFERROR(_xlfn.XLOOKUP(D2, Project_Scores!$D:$D, Project_Scores!$F:$F, 0), 0) -> 0 | L2: =IFERROR(_xlfn.XLOOKUP(D2, Project_Scores!$D:$D, Project_Scores!$G:$G, 0), 0) -> 0 | M2: =SUM(K2,L2,J2) -> 0 | N2: =IFERROR(VLOOKUP(D2,Source_Grades!$A:$N,13,FALSE()),0) -> 125 | O2: =IFERROR(VLOOKUP(D2,Source_Grades!$A:$V,22,FALSE())*100,0) -> 83.333333 | P2: =IFERROR(VLOOKUP(D2,Source_Grades!$A:$Z,25,FALSE())*20,0) -> 100 | Q2: =IF(N2=0,0,N2/135*100) -> 92.592593 | R2: =O2 -> 83.333333 | S2: =IF(M2="",0,M2/145*100) -> 0 | T2: =Q2*0.2 + R2*0.3 + S2*0.5 -> 43.518519 | U2: =IF(R2>=60,"نعم","لا") -> نعم | V2: =IF(AND(T2>60,R2>=60),"ناجح","لم ينجح") -> لم ينجح
B3: 2 | C3: مرام ياسر على السيد | D3: 20251700766 | E3: المستوى الأول/ Level 1 | F3: General (Mainstream) / عام | G3: +20 11 28972875 | H3: 20251700766@cis.asu.edu.eg | J3: 0 | M3: =SUM(J3,K3,L3) -> 0 | N3: =IFERROR(VLOOKUP(D3,Source_Grades!$A:$N,13,FALSE()),0) -> 123 | O3: =IFERROR(VLOOKUP(D3,Source_Grades!$A:$V,22,FALSE())*100,0) -> 83.333333 | P3: =IFERROR(VLOOKUP(D3,Source_Grades!$A:$Z,25,FALSE())*20,0) -> 100 | Q3: =IF(N3=0,0,N3/135*100) -> 91.111111 | R3: =O3 -> 83.333333 | S3: =IF(M3="",0,M3/145*100) -> 0 | T3: =Q3*0.2 + R3*0.3 + S3*0.5 -> 43.222222 | U3: =IF(R3>=60,"نعم","لا") -> نعم | V3: =IF(AND(T3>60,R3>=60),"ناجح","لم ينجح") -> لم ينجح | AA3: Score board (top10)
B4: 3 | C4: مريم ياسر علي السيد | D4: 20251700797 | E4: المستوى الأول/ Level 1 | F4: General (Mainstream) / عام | G4: +20 10 01153283 | H4: 20251700797@cis.asu.edu.eg | J4: 0 | M4: =SUM(J4,K4,L4) -> 0 | N4: =IFERROR(VLOOKUP(D4,Source_Grades!$A:$N,13,FALSE()),0) -> 105 | O4: =IFERROR(VLOOKUP(D4,Source_Grades!$A:$V,22,FALSE())*100,0) -> 83.333333 | P4: =IFERROR(VLOOKUP(D4,Source_Grades!$A:$Z,25,FALSE())*20,0) -> 100 | Q4: =IF(N4=0,0,N4/135*100) -> 77.777778 | R4: =O4 -> 83.333333 | S4: =IF(M4="",0,M4/145*100) -> 0 | T4: =Q4*0.2 + R4*0.3 + S4*0.5 -> 40.555556 | U4: =IF(R4>=60,"نعم","لا") -> نعم | V4: =IF(AND(T4>60,R4>=60),"ناجح","لم ينجح") -> لم ينجح
B5: 4 | C5: فاطمة سامي محمد احمد | D5: 20251700575 | E5: المستوى الأول/ Level 1 | F5: General (Mainstream) / عام | G5: +20 11 43693735 | H5: 20251700575@cis.asu.edu.eg | J5: 0 | M5: =SUM(J5,K5,L5) -> 0 | N5: =IFERROR(VLOOKUP(D5,Source_Grades!$A:$N,13,FALSE()),0) -> 103 | O5: =IFERROR(VLOOKUP(D5,Source_Grades!$A:$V,22,FALSE())*100,0) -> 66.666667 | P5: =IFERROR(VLOOKUP(D5,Source_Grades!$A:$Z,25,FALSE())*20,0) -> 80 | Q5: =IF(N5=0,0,N5/135*100) -> 76.296296 | R5: =O5 -> 66.666667 | S5: =IF(M5="",0,M5/145*100) -> 0 | T5: =Q5*0.2 + R5*0.3 + S5*0.5 -> 35.259259 | U5: =IF(R5>=60,"نعم","لا") -> نعم | V5: =IF(AND(T5>60,R5>=60),"ناجح","لم ينجح") -> لم ينجح | AA5: Leader ID | AB5: Supporter name | AC5: Project Score | AD5: Team member Individual socre
B6: 5 | C6: رؤى البدرى السيد توفيق | D6: 20251700257 | E6: المستوى الأول/ Level 1 | F6: General (Mainstream) / عام | G6: 01140159717 | H6: 20251700257@cis.asu.edu.eg | J6: 0 | M6: =SUM(J6,K6,L6) -> 0 | N6: =IFERROR(VLOOKUP(D6,Source_Grades!$A:$N,13,FALSE()),0) -> 106 | O6: =IFERROR(VLOOKUP(D6,Source_Grades!$A:$V,22,FALSE())*100,0) -> 83.333333 | P6: =IFERROR(VLOOKUP(D6,Source_Grades!$A:$Z,25,FALSE())*20,0) -> 100 | Q6: =IF(N6=0,0,N6/135*100) -> 78.518519 | R6: =O6 -> 83.333333 | S6: =IF(M6="",0,M6/145*100) -> 0 | T6: =Q6*0.2 + R6*0.3 + S6*0.5 -> 40.703704 | U6: =IF(R6>=60,"نعم","لا") -> نعم | V6: =IF(AND(T6>60,R6>=60),"ناجح","لم ينجح") -> لم ينجح | AA6: {=_xlfn.LET(_xlpm.valid_rows, _xlfn._xlws.FILTER(ROW(2:300), A2:A300<>""), _xlpm.leader_ids, INDEX(D:D, _xlpm.valid_rows), _xlpm.supporters, INDEX(I:I, _xlpm.valid_rows), _xlpm.proj_scores, INDEX(M:M, _xlpm.valid_rows), _xlpm.indiv_totals, _xlfn.MAP(_xlpm.valid_rows, _xlfn.LAMBDA(_xlpm.r, SUM(_xlfn.MAP(_xlfn.CHOOSEROWS(D2:D300, _xlfn.SEQUENCE(IFERROR(INDEX(_xlpm.valid_rows, MATCH(_xlpm.r, _xlpm.valid_rows, 0)+1)-_xlpm.r, 301-_xlpm.r), 1, _xlpm.r-1)), _xlfn.LAMBDA(_xlpm.id, IFERROR(_xlfn.XLOOKUP(_xlpm.id, Source_Grades!A:A, Source_Grades!AA:AA, 0), 0)))))), _xlpm.sorted_data, _xlfn.SORTBY(_xlfn.HSTACK(_xlpm.leader_ids, _xlpm.supporters, _xlpm.proj_scores, _xlpm.indiv_totals), _xlpm.proj_scores, -1, _xlpm.indiv_totals, -1), _xlfn.TAKE(_xlpm.sorted_data, 10))} -> 2022170372 | AB6: Abdelrahman Sanad Yousif Ahmed | AC6: 0 | AD6: 224
A7: team 2 | B7: 1 | C7: ياسمين حسام عادل حسانين | D7: 20251701139 | E7: المستوى الأول/ Level 1 | F7: General (Mainstream) / عام | G7: 01118962030 | H7: 20251701139@cis.asu.edu.eg | I7: Menna Waheed | J7: 0 | K7: =IFERROR(_xlfn.XLOOKUP(D7, Project_Scores!$D:$D, Project_Scores!$F:$F, 0), 0) -> 0 | L7: =IFERROR(_xlfn.XLOOKUP(D7, Project_Scores!$D:$D, Project_Scores!$G:$G, 0), 0) -> 0 | M7: =SUM(J7,K7,L7) -> 0 | N7: =IFERROR(VLOOKUP(D7,Source_Grades!$A:$N,13,FALSE()),0) -> 116 | O7: =IFERROR(VLOOKUP(D7,Source_Grades!$A:$V,22,FALSE())*100,0) -> 83.333333 | P7: =IFERROR(VLOOKUP(D7,Source_Grades!$A:$Z,25,FALSE())*20,0) -> 100 | Q7: =IF(N7=0,0,N7/135*100) -> 85.925926 | R7: =O7 -> 83.333333 | S7: =IF(M7="",0,M7/145*100) -> 0 | T7: =Q7*0.2 + R7*0.3 + S7*0.5 -> 42.185185 | U7: =IF(R7>=60,"نعم","لا") -> نعم | V7: =IF(AND(T7>60,R7>=60),"ناجح","لم ينجح") -> لم ينجح | AA7: 20251701124 | AB7: Ahmed Ismail | AC7: 0 | AD7: 212
B8: 2 | C8: سما عباس سيد يوسف | D8: 20251700360 | E8: المستوى الأول/ Level 1 | F8: General (Mainstream) / عام | G8: 0 106 926 2702 | H8: 20251700360@cis.asu.edu.eg | J8: 0 | M8: =SUM(J8,K8,L8) -> 0 | N8: =IFERROR(VLOOKUP(D8,Source_Grades!$A:$N,13,FALSE()),0) -> 135 | O8: =IFERROR(VLOOKUP(D8,Source_Grades!$A:$V,22,FALSE())*100,0) -> 83.333333 | P8: =IFERROR(VLOOKUP(D8,Source_Grades!$A:$Z,25,FALSE())*20,0) -> 100 | Q8: =IF(N8=0,0,N8/135*100) -> 100 | R8: =O8 -> 83.333333 | S8: =IF(M8="",0,M8/145*100) -> 0 | T8: =Q8*0.2 + R8*0.3 + S8*0.5 -> 45 | U8: =IF(R8>=60,"نعم","لا") -> نعم | V8: =IF(AND(T8>60,R8>=60),"ناجح","لم ينجح") -> لم ينجح | AA8: 20241700920 | AB8: Nour gad | AC8: 0 | AD8: 199
B9: 3 | C9: اسماء احمد عزت عبدالمطلب | D9: 20251700097 | E9: المستوى الأول/ Level 1 | F9: General (Mainstream) / عام | G9: 01272781091 | H9: 20251700097@cis.asu.edu.eg | J9: 0 | M9: =SUM(J9,K9,L9) -> 0 | N9: =IFERROR(VLOOKUP(D9,Source_Grades!$A:$N,13,FALSE()),0) -> 119 | O9: =IFERROR(VLOOKUP(D9,Source_Grades!$A:$V,22,FALSE())*100,0) -> 83.333333 | P9: =IFERROR(VLOOKUP(D9,Source_Grades!$A:$Z,25,FALSE())*20,0) -> 100 | Q9: =IF(N9=0,0,N9/135*100) -> 88.148148 | R9: =O9 -> 83.333333 | S9: =IF(M9="",0,M9/145*100) -> 0 | T9: =Q9*0.2 + R9*0.3 + S9*0.5 -> 42.62963 | U9: =IF(R9>=60,"نعم","لا") -> نعم | V9: =IF(AND(T9>60,R9>=60),"ناجح","لم ينجح") -> لم ينجح | AA9: 20241700089 | AB9: Belal | AC9: 0 | AD9: 189
B10: 4 | C10: عمر ايمن بدر | D10: 20251700511 | E10: المستوى الأول/ Level 1 | F10: General (Mainstream) / عام | G10: 01013950802 | H10: 20251700511@cis.asu.edu.eg | J10: 0 | M10: =SUM(J10,K10,L10) -> 0 | N10: =IFERROR(VLOOKUP(D10,Source_Grades!$A:$N,13,FALSE()),0) -> 95 | O10: =IFERROR(VLOOKUP(D10,Source_Grades!$A:$V,22,FALSE())*100,0) -> 66.666667 | P10: =IFERROR(VLOOKUP(D10,Source_Grades!$A:$Z,25,FALSE())*20,0) -> 80 | Q10: =IF(N10=0,0,N10/135*100) -> 70.37037 | R10: =O10 -> 66.666667 | S10: =IF(M10="",0,M10/145*100) -> 0 | T10: =Q10*0.2 + R10*0.3 + S10*0.5 -> 34.074074 | U10: =IF(R10>=60,"نعم","لا") -> نعم | V10: =IF(AND(T10>60,R10>=60),"ناجح","لم ينجح") -> لم ينجح | AA10: 20251700957 | AB10: Ibrahim yousry | AC10: 0 | AD10: 189
B11: 5 | C11: عمر احمد محمد إسماعيل | D11: 20251700500 | E11: المستوى الأول/ Level 1 | F11: General (Mainstream) / عام | G11: 01018703667 | H11: 20251700500@cis.asu.edu.eg | J11: 0 | M11: =SUM(J11,K11,L11) -> 0 | N11: =IFERROR(VLOOKUP(D11,Source_Grades!$A:$N,13,FALSE()),0) -> 94 | O11: =IFERROR(VLOOKUP(D11,Source_Grades!$A:$V,22,FALSE())*100,0) -> 33.333333 | P11: =IFERROR(VLOOKUP(D11,Source_Grades!$A:$Z,25,FALSE())*20,0) -> 40 | Q11: =IF(N11=0,0,N11/135*100) -> 69.62963 | R11: =O11 -> 33.333333 | S11: =IF(M11="",0,M11/145*100) -> 0 | T11: =Q11*0.2 + R11*0.3 + S11*0.5 -> 23.925926 | U11: =IF(R11>=60,"نعم","لا") -> لا | V11: =IF(AND(T11>60,R11>=60),"ناجح","لم ينجح") -> لم ينجح | AA11: 2023170036 | AB11: Yousif Ahmed | AC11: 0 | AD11: 188
A12: team 3 | B12: 1 | C12: محمود محمد عبد الرسول كريم محمود | D12: 20251700762 | E12: المستوى الأول/ Level 1 | F12: General (Mainstream) / عام | G12: 01507359655 | H12: 20251700762@cis.asu.edu.eg | I12: Omar Mostafa | J12: 0 | K12: =IFERROR(_xlfn.XLOOKUP(D12, Project_Scores!$D:$D, Project_Scores!$F:$F, 0), 0) -> 0 | L12: =IFERROR(_xlfn.XLOOKUP(D12, Project_Scores!$D:$D, Project_Scores!$G:$G, 0), 0) -> 0 | M12: =SUM(J12,K12,L12) -> 0 | N12: =IFERROR(VLOOKUP(D12,Source_Grades!$A:$N,13,FALSE()),0) -> 77 | O12: =IFERROR(VLOOKUP(D12,Source_Grades!$A:$V,22,FALSE())*100,0) -> 83.333333 | P12: =IFERROR(VLOOKUP(D12,Source_Grades!$A:$Z,25,FALSE())*20,0) -> 100 | Q12: =IF(N12=0,0,N12/135*100) -> 57.037037 | R12: =O12 -> 83.333333 | S12: =IF(M12="",0,M12/145*100) -> 0 | T12: =Q12*0.2 + R12*0.3 + S12*0.5 -> 36.407407 | U12: =IF(R12>=60,"نعم","لا") -> نعم | V12: =IF(AND(T12>60,R12>=60),"ناجح","لم ينجح") -> لم ينجح | AA12: 20251700588 | AB12: Nour gad | AC12: 0 | AD12: 186
B13: 2 | C13: أحمد سالم السيد سليمان ربيع | D13: 20251700025 | E13: المستوى الأول/ Level 1 | F13: General (Mainstream) / عام | G13: 01200690946 | H13: 20251700025@cis.asu.edu.eg | J13: 0 | M13: =SUM(J13,K13,L13) -> 0 | N13: =IFERROR(VLOOKUP(D13,Source_Grades!$A:$N,13,FALSE()),0) -> 100 | O13: =IFERROR(VLOOKUP(D13,Source_Grades!$A:$V,22,FALSE())*100,0) -> 83.333333 | P13: =IFERROR(VLOOKUP(D13,Source_Grades!$A:$Z,25,FALSE())*20,0) -> 100 | Q13: =IF(N13=0,0,N13/135*100) -> 74.074074 | R13: =O13 -> 83.333333 | S13: =IF(M13="",0,M13/145*100) -> 0 | T13: =Q13*0.2 + R13*0.3 + S13*0.5 -> 39.814815 | U13: =IF(R13>=60,"نعم","لا") -> نعم | V13: =IF(AND(T13>60,R13>=60),"ناجح","لم ينجح") -> لم ينجح | AA13: 20241701016 | AB13: Shreif | AC13: 0 | AD13: 184.5
B14: 3 | C14: محمود طه أحمد محمد سيد | D14: 20251700758 | E14: المستوى الأول/ Level 1 | F14: General (Mainstream) / عام | G14: 01063681893 | H14: 20251700758@cis.asu.edu.eg | J14: 0 | M14: =SUM(J14,K14,L14) -> 0 | N14: =IFERROR(VLOOKUP(D14,Source_Grades!$A:$N,13,FALSE()),0) -> 92 | O14: =IFERROR(VLOOKUP(D14,Source_Grades!$A:$V,22,FALSE())*100,0) -> 83.333333 | P14: =IFERROR(VLOOKUP(D14,Source_Grades!$A:$Z,25,FALSE())*20,0) -> 100 | Q14: =IF(N14=0,0,N14/135*100) -> 68.148148 | R14: =O14 -> 83.333333 | S14: =IF(M14="",0,M14/145*100) -> 0 | T14: =Q14*0.2 + R14*0.3 + S14*0.5 -> 38.62963 | U14: =IF(R14>=60,"نعم","لا") -> نعم | V14: =IF(AND(T14>60,R14>=60),"ناجح","لم ينجح") -> لم ينجح | AA14: 20241701056 | AB14: Mohamed Taher | AC14: 0 | AD14: 183
B15: 4 | C15: عمر سعيد إسماعيل السيد فروح | D15: 20251700521 | E15: المستوى الأول/ Level 1 | F15: General (Mainstream) / عام | G15: 01127183750 | H15: 20251700521@cis.asu.edu.eg | J15: 0 | M15: =SUM(J15,K15,L15) -> 0 | N15: =IFERROR(VLOOKUP(D15,Source_Grades!$A:$N,13,FALSE()),0) -> 92 | O15: =IFERROR(VLOOKUP(D15,Source_Grades!$A:$V,22,FALSE())*100,0) -> 83.333333 | P15: =IFERROR(VLOOKUP(D15,Source_Grades!$A:$Z,25,FALSE())*20,0) -> 100 | Q15: =IF(N15=0,0,N15/135*100) -> 68.148148 | R15: =O15 -> 83.333333 | S15: =IF(M15="",0,M15/145*100) -> 0 | T15: =Q15*0.2 + R15*0.3 + S15*0.5 -> 38.62963 | U15: =IF(R15>=60,"نعم","لا") -> نعم | V15: =IF(AND(T15>60,R15>=60),"ناجح","لم ينجح") -> لم ينجح | AA15: 20241701169 | AB15: Shreif | AC15: 0 | AD15: 178
B16: 5 | C16: ملك حسين علي عبداللاه | D16: 20251701741 | E16: المستوى الأول/ Level 1 | F16: هندسة البرمجيات/ Software Engineer | G16: 01062418859 | H16: 20251701741@cis.asu.edu.eg | J16: 0 | M16: =SUM(J16,K16,L16) -> 0 | N16: =IFERROR(VLOOKUP(D16,Source_Grades!$A:$N,13,FALSE()),0) -> 87.5 | O16: =IFERROR(VLOOKUP(D16,Source_Grades!$A:$V,22,FALSE())*100,0) -> 83.333333 | P16: =IFERROR(VLOOKUP(D16,Source_Grades!$A:$Z,25,FALSE())*20,0) -> 100 | Q16: =IF(N16=0,0,N16/135*100) -> 64.814815 | R16: =O16 -> 83.333333 | S16: =IF(M16="",0,M16/145*100) -> 0 | T16: =Q16*0.2 + R16*0.3 + S16*0.5 -> 37.962963 | U16: =IF(R16>=60,"نعم","لا") -> نعم | V16: =IF(AND(T16>60,R16>=60),"ناجح","لم ينجح") -> لم ينجح
A17: team 4 | B17: 1 | C17: عل محمد منير علي زكي | D17: 20251701124 | E17: المستوى الأول/ Level 1 | F17: General (Mainstream) / عام | G17: 01226469696 | H17: 20251701124@cis.asu.edu.eg | I17: Ahmed Ismail | J17: 0 | K17: =IFERROR(_xlfn.XLOOKUP(D17, Project_Scores!$D:$D, Project_Scores!$F:$F, 0), 0) -> 0 | L17: =IFERROR(_xlfn.XLOOKUP(D17, Project_Scores!$D:$D, Project_Scores!$G:$G, 0), 0) -> 0 | M17: =SUM(J17,K17,L17) -> 0 | N17: =IFERROR(VLOOKUP(D17,Source_Grades!$A:$N,13,FALSE()),0) -> 137 | O17: =IFERROR(VLOOKUP(D17,Source_Grades!$A:$V,22,FALSE())*100,0) -> 83.333333 | P17: =IFERROR(VLOOKUP(D17,Source_Grades!$A:$Z,25,FALSE())*20,0) -> 100 | Q17: =IF(N17=0,0,N17/135*100) -> 101.48148 | R17: =O17 -> 83.333333 | S17: =IF(M17="",0,M17/145*100) -> 0 | T17: =Q17*0.2 + R17*0.3 + S17*0.5 -> 45.296296 | U17: =IF(R17>=60,"نعم","لا") -> نعم | V17: =IF(AND(T17>60,R17>=60),"ناجح","لم ينجح") -> لم ينجح
B18: 2 | C18: عبدالله كرم ابوزيد سيف | D18: 20251700432 | E18: المستوى الأول/ Level 1 | F18: General (Mainstream) / عام | G18: 01093493111 | H18: 20251700432@cis.asu.edu.eg | J18: 0 | M18: =SUM(J18,K18,L18) -> 0 | N18: =IFERROR(VLOOKUP(D18,Source_Grades!$A:$N,13,FALSE()),0) -> 122.5 | O18: =IFERROR(VLOOKUP(D18,Source_Grades!$A:$V,22,FALSE())*100,0) -> 83.333333 | P18: =IFERROR(VLOOKUP(D18,Source_Grades!$A:$Z,25,FALSE())*20,0) -> 100 | Q18: =IF(N18=0,0,N18/135*100) -> 90.740741 | R18: =O18 -> 83.333333 | S18: =IF(M18="",0,M18/145*100) -> 0 | T18: =Q18*0.2 + R18*0.3 + S18*0.5 -> 43.148148 | U18: =IF(R18>=60,"نعم","لا") -> نعم | V18: =IF(AND(T18>60,R18>=60),"ناجح","لم ينجح") -> لم ينجح
B19: 3 | C19: بيشوي امجد فوزي عبدالملاك | D19: 2023170147 | E19: المستوى الثالث/ Level 3 | F19: الحسابات العلمية/ Scientific Computing | G19: 01228898234 | H19: 2023170147@cis.asu.edu.eg | J19: 0 | M19: =SUM(J19,K19,L19) -> 0 | N19: =IFERROR(VLOOKUP(D19,Source_Grades!$A:$N,13,FALSE()),0) -> 134 | O19: =IFERROR(VLOOKUP(D19,Source_Grades!$A:$V,22,FALSE())*100,0) -> 83.333333 | P19: =IFERROR(VLOOKUP(D19,Source_Grades!$A:$Z,25,FALSE())*20,0) -> 100 | Q19: =IF(N19=0,0,N19/135*100) -> 99.259259 | R19: =O19 -> 83.333333 | S19: =IF(M19="",0,M19/145*100) -> 0 | T19: =Q19*0.2 + R19*0.3 + S19*0.5 -> 44.851852 | U19: =IF(R19>=60,"نعم","لا") -> نعم | V19: =IF(AND(T19>60,R19>=60),"ناجح","لم ينجح") -> لم ينجح
B20: 4 | C20: معاذ هاني عبدالستار عبدالحليم | D20: 20251701090 | E20: المستوى الأول/ Level 1 | F20: General (Mainstream) / عام | G20: 01015563533 | H20: 20251701090@cis.asu.edu.eg | J20: 0 | M20: =SUM(J20,K20,L20) -> 0 | N20: =IFERROR(VLOOKUP(D20,Source_Grades!$A:$N,13,FALSE()),0) -> 101 | O20: =IFERROR(VLOOKUP(D20,Source_Grades!$A:$V,22,FALSE())*100,0) -> 83.333333 | P20: =IFERROR(VLOOKUP(D20,Source_Grades!$A:$Z,25,FALSE())*20,0) -> 100 | Q20: =IF(N20=0,0,N20/135*100) -> 74.814815 | R20: =O20 -> 83.333333 | S20: =IF(M20="",0,M20/145*100) -> 0 | T20: =Q20*0.2 + R20*0.3 + S20*0.5 -> 39.962963 | U20: =IF(R20>=60,"نعم","لا") -> نعم | V20: =IF(AND(T20>60,R20>=60),"ناجح","لم ينجح") -> لم ينجح
B21: 5 | C21: بيشوي كرم اسعد ذكي | D21: 2023170149 | E21: المستوى الثالث/ Level 3 | F21: الحسابات العلمية/ Scientific Computing | G21: 01210982985 | H21: 2023170149@cis.asu.edu.eg | J21: 0 | M21: =SUM(J21,K21,L21) -> 0 | N21: =IFERROR(VLOOKUP(D21,Source_Grades!$A:$N,13,FALSE()),0) -> 105 | O21: =IFERROR(VLOOKUP(D21,Source_Grades!$A:$V,22,FALSE())*100,0) -> 83.333333 | P21: =IFERROR(VLOOKUP(D21,Source_Grades!$A:$Z,25,FALSE())*20,0) -> 100 | Q21: =IF(N21=0,0,N21/135*100) -> 77.777778 | R21: =O21 -> 83.333333 | S21: =IF(M21="",0,M21/145*100) -> 0 | T21: =Q21*0.2 + R21*0.3 + S21*0.5 -> 40.555556 | U21: =IF(R21>=60,"نعم","لا") -> نعم | V21: =IF(AND(T21>60,R21>=60),"ناجح","لم ينجح") -> لم ينجح
A22: team 5 | B22: 1 | C22: محممود أحمد رأفت | D22: 20251700750 | E22: المستوى الأول/ Level 1 | F22: General (Mainstream) / عام | G22: 01151878262 | H22: 20251700750@cis.asu.edu.eg | I22: Abdallah Mohamed | J22: 0 | K22: =IFERROR(_xlfn.XLOOKUP(D22, Project_Scores!$D:$D, Project_Scores!$F:$F, 0), 0) -> 0 | L22: =IFERROR(_xlfn.XLOOKUP(D22, Project_Scores!$D:$D, Project_Scores!$G:$G, 0), 0) -> 0 | M22: =SUM(J22,K22,L22) -> 0 | N22: =IFERROR(VLOOKUP(D22,Source_Grades!$A:$N,13,FALSE()),0) -> 80 | O22: =IFERROR(VLOOKUP(D22,Source_Grades!$A:$V,22,FALSE())*100,0) -> 66.666667 | P22: =IFERROR(VLOOKUP(D22,Source_Grades!$A:$Z,25,FALSE())*20,0) -> 80 | Q22: =IF(N22=0,0,N22/135*100) -> 59.259259 | R22: =O22 -> 66.666667 | S22: =IF(M22="",0,M22/145*100) -> 0 | T22: =Q22*0.2 + R22*0.3 + S22*0.5 -> 31.851852 | U22: =IF(R22>=60,"نعم","لا") -> نعم | V22: =IF(AND(T22>60,R22>=60),"ناجح","لم ينجح") -> لم ينجح
B23: 2 | C23: آيه محمد أداره | D23: 20251701037 | E23: المستوى الأول/ Level 1 | F23: General (Mainstream) / عام | G23: 01207548255 | H23: 20251701037@cis.asu.edu.eg | J23: 0 | M23: =SUM(J23,K23,L23) -> 0 | N23: =IFERROR(VLOOKUP(D23,Source_Grades!$A:$N,13,FALSE()),0) -> 120 | O23: =IFERROR(VLOOKUP(D23,Source_Grades!$A:$V,22,FALSE())*100,0) -> 50 | P23: =IFERROR(VLOOKUP(D23,Source_Grades!$A:$Z,25,FALSE())*20,0) -> 60 | Q23: =IF(N23=0,0,N23/135*100) -> 88.888889 | R23: =O23 -> 50 | S23: =IF(M23="",0,M23/145*100) -> 0 | T23: =Q23*0.2 + R23*0.3 + S23*0.5 -> 32.777778 | U23: =IF(R23>=60,"نعم","لا") -> لا | V23: =IF(AND(T23>60,R23>=60),"ناجح","لم ينجح") -> لم ينجح
B24: 3 | C24: رضوي علاء الدين | D24: 20251700264 | E24: المستوى الأول/ Level 1 | F24: General (Mainstream) / عام | G24: 01017319627 | H24: 20251700264@cis.asu.edu.eg | J24: 0 | M24: =SUM(J24,K24,L24) -> 0 | N24: =IFERROR(VLOOKUP(D24,Source_Grades!$A:$N,13,FALSE()),0) -> 80 | O24: =IFERROR(VLOOKUP(D24,Source_Grades!$A:$V,22,FALSE())*100,0) -> 83.333333 | P24: =IFERROR(VLOOKUP(D24,Source_Grades!$A:$Z,25,FALSE())*20,0) -> 100 | Q24: =IF(N24=0,0,N24/135*100) -> 59.259259 | R24: =O24 -> 83.333333 | S24: =IF(M24="",0,M24/145*100) -> 0 | T24: =Q24*0.2 + R24*0.3 + S24*0.5 -> 36.851852 | U24: =IF(R24>=60,"نعم","لا") -> نعم | V24: =IF(AND(T24>60,R24>=60),"ناجح","لم ينجح") -> لم ينجح
B25: 4 | C25: مروان خالد عبد الجواد | D25: 20251700769 | E25: المستوى الأول/ Level 1 | F25: General (Mainstream) / عام | G25: 01110264626 | H25: 20251700769@cis.asu.edu.eg | J25: 0 | M25: =SUM(J25,K25,L25) -> 0 | N25: =IFERROR(VLOOKUP(D25,Source_Grades!$A:$N,13,FALSE()),0) -> 88 | O25: =IFERROR(VLOOKUP(D25,Source_Grades!$A:$V,22,FALSE())*100,0) -> 83.333333 | P25: =IFERROR(VLOOKUP(D25,Source_Grades!$A:$Z,25,FALSE())*20,0) -> 100 | Q25: =IF(N25=0,0,N25/135*100) -> 65.185185 | R25: =O25 -> 83.333333 | S25: =IF(M25="",0,M25/145*100) -> 0 | T25: =Q25*0.2 + R25*0.3 + S25*0.5 -> 38.037037 | U25: =IF(R25>=60,"نعم","لا") -> نعم | V25: =IF(AND(T25>60,R25>=60),"ناجح","لم ينجح") -> لم ينجح
B26: 5 | C26: معاذ محمد عبد النبي | D26: 20251700824 | E26: المستوى الأول/ Level 1 | F26: General (Mainstream) / عام | G26: 01202128871 | H26: 20251700824@cis.asu.edu.eg | J26: 0 | M26: =SUM(J26,K26,L26) -> 0 | N26: =IFERROR(VLOOKUP(D26,Source_Grades!$A:$N,13,FALSE()),0) -> 75 | O26: =IFERROR(VLOOKUP(D26,Source_Grades!$A:$V,22,FALSE())*100,0) -> 66.666667 | P26: =IFERROR(VLOOKUP(D26,Source_Grades!$A:$Z,25,FALSE())*20,0) -> 80 | Q26: =IF(N26=0,0,N26/135*100) -> 55.555556 | R26: =O26 -> 66.666667 | S26: =IF(M26="",0,M26/145*100) -> 0 | T26: =Q26*0.2 + R26*0.3 + S26*0.5 -> 31.111111 | U26: =IF(R26>=60,"نعم","لا") -> نعم | V26: =IF(AND(T26>60,R26>=60),"ناجح","لم ينجح") -> لم ينجح
A27: team 6 | B27: 1 | C27: ماريا بولس ابراهيم | D27: 20241700670 | E27: المستوى الثاني/ Level 2 | F27: General (Mainstream) / عام | G27: 01271728492 | H27: 20241700670@cis.asu.edu.eg | I27: Ramez magdy | J27: 0 | K27: =IFERROR(_xlfn.XLOOKUP(D27, Project_Scores!$D:$D, Project_Scores!$F:$F, 0), 0) -> 0 | L27: =IFERROR(_xlfn.XLOOKUP(D27, Project_Scores!$D:$D, Project_Scores!$G:$G, 0), 0) -> 0 | M27: =SUM(J27,K27,L27) -> 0 | N27: =IFERROR(VLOOKUP(D27,Source_Grades!$A:$N,13,FALSE()),0) -> 100 | O27: =IFERROR(VLOOKUP(D27,Source_Grades!$A:$V,22,FALSE())*100,0) -> 83.333333 | P27: =IFERROR(VLOOKUP(D27,Source_Grades!$A:$Z,25,FALSE())*20,0) -> 100 | Q27: =IF(N27=0,0,N27/135*100) -> 74.074074 | R27: =O27 -> 83.333333 | S27: =IF(M27="",0,M27/145*100) -> 0 | T27: =Q27*0.2 + R27*0.3 + S27*0.5 -> 39.814815 | U27: =IF(R27>=60,"نعم","لا") -> نعم | V27: =IF(AND(T27>60,R27>=60),"ناجح","لم ينجح") -> لم ينجح
B28: 2 | C28: يوأنا ريمون منير | D28: 20241700995 | E28: المستوى الثاني/ Level 2 | F28: General (Mainstream) / عام | G28: 01225475810 | H28: 20241700995@cis.asu.edu.eg | J28: 0 | M28: =SUM(J28,K28,L28) -> 0 | N28: =IFERROR(VLOOKUP(D28,Source_Grades!$A:$N,13,FALSE()),0) -> 100 | O28: =IFERROR(VLOOKUP(D28,Source_Grades!$A:$V,22,FALSE())*100,0) -> 83.333333 | P28: =IFERROR(VLOOKUP(D28,Source_Grades!$A:$Z,25,FALSE())*20,0) -> 100 | Q28: =IF(N28=0,0,N28/135*100) -> 74.074074 | R28: =O28 -> 83.333333 | S28: =IF(M28="",0,M28/145*100) -> 0 | T28: =Q28*0.2 + R28*0.3 + S28*0.5 -> 39.814815 | U28: =IF(R28>=60,"نعم","لا") -> نعم | V28: =IF(AND(T28>60,R28>=60),"ناجح","لم ينجح") -> لم ينجح
B29: 3 | C29: جورج جمال عبده | D29: 20241700225 | E29: المستوى الثاني/ Level 2 | F29: General (Mainstream) / عام | G29: 01200484926 | H29: 20241700225@cis.asu.edu.eg | J29: 0 | M29: =SUM(J29,K29,L29) -> 0 | N29: =IFERROR(VLOOKUP(D29,Source_Grades!$A:$N,13,FALSE()),0) -> 125 | O29: =IFERROR(VLOOKUP(D29,Source_Grades!$A:$V,22,FALSE())*100,0) -> 83.333333 | P29: =IFERROR(VLOOKUP(D29,Source_Grades!$A:$Z,25,FALSE())*20,0) -> 100 | Q29: =IF(N29=0,0,N29/135*100) -> 92.592593 | R29: =O29 -> 83.333333 | S29: =IF(M29="",0,M29/145*100) -> 0 | T29: =Q29*0.2 + R29*0.3 + S29*0.5 -> 43.518519 | U29: =IF(R29>=60,"نعم","لا") -> نعم | V29: =IF(AND(T29>60,R29>=60),"ناجح","لم ينجح") -> لم ينجح
B30: 4 | C30: جون باسم وجدى | D30: 20241700232 | E30: المستوى الثاني/ Level 2 | F30: General (Mainstream) / عام | G30: 01289264131 | H30: 20241700232@cis.asu.edu.eg | J30: 0 | M30: =SUM(J30,K30,L30) -> 0 | N30: =IFERROR(VLOOKUP(D30,Source_Grades!$A:$N,13,FALSE()),0) -> 82 | O30: =IFERROR(VLOOKUP(D30,Source_Grades!$A:$V,22,FALSE())*100,0) -> 66.666667 | P30: =IFERROR(VLOOKUP(D30,Source_Grades!$A:$Z,25,FALSE())*20,0) -> 80 | Q30: =IF(N30=0,0,N30/135*100) -> 60.740741 | R30: =O30 -> 66.666667 | S30: =IF(M30="",0,M30/145*100) -> 0 | T30: =Q30*0.2 + R30*0.3 + S30*0.5 -> 32.148148 | U30: =IF(R30>=60,"نعم","لا") -> نعم | V30: =IF(AND(T30>60,R30>=60),"ناجح","لم ينجح") -> لم ينجح
B31: 5 | C31: جمال حسام الدين مصطفى | D31: 20241700208 | E31: المستوى الثاني/ Level 2 | F31: General (Mainstream) / عام | G31: 01155384335 | H31: 20241700208@cis.asu.edu.eg | J31: 0 | M31: =SUM(J31,K31,L31) -> 0 | N31: =IFERROR(VLOOKUP(D31,Source_Grades!$A:$N,13,FALSE()),0) -> 98 | O31: =IFERROR(VLOOKUP(D31,Source_Grades!$A:$V,22,FALSE())*100,0) -> 66.666667 | P31: =IFERROR(VLOOKUP(D31,Source_Grades!$A:$Z,25,FALSE())*20,0) -> 80 | Q31: =IF(N31=0,0,N31/135*100) -> 72.592593 | R31: =O31 -> 66.666667 | S31: =IF(M31="",0,M31/145*100) -> 0 | T31: =Q31*0.2 + R31*0.3 + S31*0.5 -> 34.518519 | U31: =IF(R31>=60,"نعم","لا") -> نعم | V31: =IF(AND(T31>60,R31>=60),"ناجح","لم ينجح") -> لم ينجح
A32: team 7 | B32: 1 | C32: فيرونيكا امير رفعت جاد | D32: 20251700588 | E32: المستوى الأول/ Level 1 | F32: General (Mainstream) / عام | G32: 01016779505 | H32: 20251700588@cis.asu.edu.eg | I32: Nour gad | J32: 0 | K32: =IFERROR(_xlfn.XLOOKUP(D32, Project_Scores!$D:$D, Project_Scores!$F:$F, 0), 0) -> 0 | L32: =IFERROR(_xlfn.XLOOKUP(D32, Project_Scores!$D:$D, Project_Scores!$G:$G, 0), 0) -> 0 | M32: =SUM(J32,K32,L32) -> 0 | N32: =IFERROR(VLOOKUP(D32,Source_Grades!$A:$N,13,FALSE()),0) -> 135 | O32: =IFERROR(VLOOKUP(D32,Source_Grades!$A:$V,22,FALSE())*100,0) -> 83.333333 | P32: =IFERROR(VLOOKUP(D32,Source_Grades!$A:$Z,25,FALSE())*20,0) -> 100 | Q32: =IF(N32=0,0,N32/135*100) -> 100 | R32: =O32 -> 83.333333 | S32: =IF(M32="",0,M32/145*100) -> 0 | T32: =Q32*0.2 + R32*0.3 + S32*0.5 -> 45 | U32: =IF(R32>=60,"نعم","لا") -> نعم | V32: =IF(AND(T32>60,R32>=60),"ناجح","لم ينجح") -> لم ينجح
B33: 2 | C33: سما عمرو عبد الرحمن سعد | D33: 20251701172 | E33: المستوى الأول/ Level 1 | F33: General (Mainstream) / عام | G33: 01100523553 | H33: 20251701172@cis.asu.edu.eg | J33: 0 | M33: =SUM(J33,K33,L33) -> 0 | N33: =IFERROR(VLOOKUP(D33,Source_Grades!$A:$N,13,FALSE()),0) -> 90 | O33: =IFERROR(VLOOKUP(D33,Source_Grades!$A:$V,22,FALSE())*100,0) -> 83.333333 | P33: =IFERROR(VLOOKUP(D33,Source_Grades!$A:$Z,25,FALSE())*20,0) -> 100 | Q33: =IF(N33=0,0,N33/135*100) -> 66.666667 | R33: =O33 -> 83.333333 | S33: =IF(M33="",0,M33/145*100) -> 0 | T33: =Q33*0.2 + R33*0.3 + S33*0.5 -> 38.333333 | U33: =IF(R33>=60,"نعم","لا") -> نعم | V33: =IF(AND(T33>60,R33>=60),"ناجح","لم ينجح") -> لم ينجح
B34: 3 | C34: سارة نسيم عزيز اسعد | D34: 20251700328 | E34: المستوى الأول/ Level 1 | F34: General (Mainstream) / عام | G34: 01121168989 | H34: 20251700328@cis.asu.edu.eg | J34: 0 | M34: =SUM(J34,K34,L34) -> 0 | N34: =IFERROR(VLOOKUP(D34,Source_Grades!$A:$N,13,FALSE()),0) -> 115 | O34: =IFERROR(VLOOKUP(D34,Source_Grades!$A:$V,22,FALSE())*100,0) -> 83.333333 | P34: =IFERROR(VLOOKUP(D34,Source_Grades!$A:$Z,25,FALSE())*20,0) -> 100 | Q34: =IF(N34=0,0,N34/135*100) -> 85.185185 | R34: =O34 -> 83.333333 | S34: =IF(M34="",0,M34/145*100) -> 0 | T34: =Q34*0.2 + R34*0.3 + S34*0.5 -> 42.037037 | U34: =IF(R34>=60,"نعم","لا") -> نعم | V34: =IF(AND(T34>60,R34>=60),"ناجح","لم ينجح") -> لم ينجح
B35: 4 | C35: الاء عماد احمد محمد | D35: 20251700104 | E35: المستوى الأول/ Level 1 | F35: General (Mainstream) / عام | G35: 01066057371 | H35: 20251700104@cis.asu.edu.eg | J35: 0 | M35: =SUM(J35,K35,L35) -> 0 | N35: =IFERROR(VLOOKUP(D35,Source_Grades!$A:$N,13,FALSE()),0) -> 136 | O35: =IFERROR(VLOOKUP(D35,Source_Grades!$A:$V,22,FALSE())*100,0) -> 83.333333 | P35: =IFERROR(VLOOKUP(D35,Source_Grades!$A:$Z,25,FALSE())*20,0) -> 100 | Q35: =IF(N35=0,0,N35/135*100) -> 100.74074 | R35: =O35 -> 83.333333 | S35: =IF(M35="",0,M35/145*100) -> 0 | T35: =Q35*0.2 + R35*0.3 + S35*0.5 -> 45.148148 | U35: =IF(R35>=60,"نعم","لا") -> نعم | V35: =IF(AND(T35>60,R35>=60),"ناجح","لم ينجح") -> لم ينجح
B36: 5 | C36: ملك محمد احمد يس | D36: 20251701092 | E36: المستوى الأول/ Level 1 | F36: General (Mainstream) / عام | G36: 01129656913 | H36: 20251701092@cis.asu.edu.eg | J36: 0 | M36: =SUM(J36,K36,L36) -> 0 | N36: =IFERROR(VLOOKUP(D36,Source_Grades!$A:$N,13,FALSE()),0) -> 109 | O36: =IFERROR(VLOOKUP(D36,Source_Grades!$A:$V,22,FALSE())*100,0) -> 83.333333 | P36: =IFERROR(VLOOKUP(D36,Source_Grades!$A:$Z,25,FALSE())*20,0) -> 100 | Q36: =IF(N36=0,0,N36/135*100) -> 80.740741 | R36: =O36 -> 83.333333 | S36: =IF(M36="",0,M36/145*100) -> 0 | T36: =Q36*0.2 + R36*0.3 + S36*0.5 -> 41.148148 | U36: =IF(R36>=60,"نعم","لا") -> نعم | V36: =IF(AND(T36>60,R36>=60),"ناجح","لم ينجح") -> لم ينجح
A37: team 8 | B37: 1 | C37: آدم محمد عطيتو السيد | D37: 20241700089 | E37: المستوى الثاني/ Level 2 | F37: General (Mainstream) / عام | G37: 01029452432 | H37: 20241700089@cis.asu.edu.eg | I37: Belal | J37: 0 | K37: =IFERROR(_xlfn.XLOOKUP(D37, Project_Scores!$D:$D, Project_Scores!$F:$F, 0), 0) -> 0 | L37: =IFERROR(_xlfn.XLOOKUP(D37, Project_Scores!$D:$D, Project_Scores!$G:$G, 0), 0) -> 0 | M37: =SUM(J37,K37,L37) -> 0 | N37: =IFERROR(VLOOKUP(D37,Source_Grades!$A:$N,13,FALSE()),0) -> 133 | O37: =IFERROR(VLOOKUP(D37,Source_Grades!$A:$V,22,FALSE())*100,0) -> 66.666667 | P37: =IFERROR(VLOOKUP(D37,Source_Grades!$A:$Z,25,FALSE())*20,0) -> 80 | Q37: =IF(N37=0,0,N37/135*100) -> 98.518519 | R37: =O37 -> 66.666667 | S37: =IF(M37="",0,M37/145*100) -> 0 | T37: =Q37*0.2 + R37*0.3 + S37*0.5 -> 39.703704 | U37: =IF(R37>=60,"نعم","لا") -> نعم | V37: =IF(AND(T37>60,R37>=60),"ناجح","لم ينجح") -> لم ينجح
B38: 2 | C38: سعيد مسعد سعيد محمد | D38: 20241700374 | E38: المستوى الثاني/ Level 2 | F38: General (Mainstream) / عام | G38: 01008424741 | H38: 20241700374@cis.asu.edu.eg | J38: 0 | M38: =SUM(J38,K38,L38) -> 0 | N38: =IFERROR(VLOOKUP(D38,Source_Grades!$A:$N,13,FALSE()),0) -> 116 | O38: =IFERROR(VLOOKUP(D38,Source_Grades!$A:$V,22,FALSE())*100,0) -> 66.666667 | P38: =IFERROR(VLOOKUP(D38,Source_Grades!$A:$Z,25,FALSE())*20,0) -> 80 | Q38: =IF(N38=0,0,N38/135*100) -> 85.925926 | R38: =O38 -> 66.666667 | S38: =IF(M38="",0,M38/145*100) -> 0 | T38: =Q38*0.2 + R38*0.3 + S38*0.5 -> 37.185185 | U38: =IF(R38>=60,"نعم","لا") -> نعم | V38: =IF(AND(T38>60,R38>=60),"ناجح","لم ينجح") -> لم ينجح
B39: 3 | C39: عمرو محمد مصطفي محمد | D39: 20241700600 | E39: المستوى الثاني/ Level 2 | F39: General (Mainstream) / عام | G39: 01068554240 | H39: 20241700600@cis.asu.edu.eg | J39: 0 | M39: =SUM(J39,K39,L39) -> 0 | N39: =IFERROR(VLOOKUP(D39,Source_Grades!$A:$N,13,FALSE()),0) -> 92 | O39: =IFERROR(VLOOKUP(D39,Source_Grades!$A:$V,22,FALSE())*100,0) -> 66.666667 | P39: =IFERROR(VLOOKUP(D39,Source_Grades!$A:$Z,25,FALSE())*20,0) -> 80 | Q39: =IF(N39=0,0,N39/135*100) -> 68.148148 | R39: =O39 -> 66.666667 | S39: =IF(M39="",0,M39/145*100) -> 0 | T39: =Q39*0.2 + R39*0.3 + S39*0.5 -> 33.62963 | U39: =IF(R39>=60,"نعم","لا") -> نعم | V39: =IF(AND(T39>60,R39>=60),"ناجح","لم ينجح") -> لم ينجح
B40: 4 | C40: بوش عماد جمال جاد | D40: 20241700196 | E40: المستوى الثاني/ Level 2 | F40: General (Mainstream) / عام | G40: 01220578186 | H40: 20241700196@cis.asu.edu.eg | J40: 0 | M40: =SUM(J40,K40,L40) -> 0 | N40: =IFERROR(VLOOKUP(D40,Source_Grades!$A:$N,13,FALSE()),0) -> 15 | O40: =IFERROR(VLOOKUP(D40,Source_Grades!$A:$V,22,FALSE())*100,0) -> 66.666667 | P40: =IFERROR(VLOOKUP(D40,Source_Grades!$A:$Z,25,FALSE())*20,0) -> 80 | Q40: =IF(N40=0,0,N40/135*100) -> 11.111111 | R40: =O40 -> 66.666667 | S40: =IF(M40="",0,M40/145*100) -> 0 | T40: =Q40*0.2 + R40*0.3 + S40*0.5 -> 22.222222 | U40: =IF(R40>=60,"نعم","لا") -> نعم | V40: =IF(AND(T40>60,R40>=60),"ناجح","لم ينجح") -> لم ينجح
B41: 5 | C41: عمرو خالد أحمد محمود الطويل | D41: 20241700590 | E41: المستوى الثاني/ Level 2 | F41: General (Mainstream) / عام | G41: 01002748249 | H41: 20241700590@cis.asu.edu.eg | J41: 0 | M41: =SUM(J41,K41,L41) -> 0 | N41: =IFERROR(VLOOKUP(D41,Source_Grades!$A:$N,13,FALSE()),0) -> 127 | O41: =IFERROR(VLOOKUP(D41,Source_Grades!$A:$V,22,FALSE())*100,0) -> 66.666667 | P41: =IFERROR(VLOOKUP(D41,Source_Grades!$A:$Z,25,FALSE())*20,0) -> 80 | Q41: =IF(N41=0,0,N41/135*100) -> 94.074074 | R41: =O41 -> 66.666667 | S41: =IF(M41="",0,M41/145*100) -> 0 | T41: =Q41*0.2 + R41*0.3 + S41*0.5 -> 38.814815 | U41: =IF(R41>=60,"نعم","لا") -> نعم | V41: =IF(AND(T41>60,R41>=60),"ناجح","لم ينجح") -> لم ينجح
A42: team 9 | B42: 1 | C42: احمد صابر احمد محمد | D42: 20241700037 | E42: المستوى الثاني/ Level 2 | F42: General (Mainstream) / عام | G42: 01156272738 | H42: 20241700037@cis.asu.edu.eg | I42: Yousif Ahmed | J42: 0 | K42: =IFERROR(_xlfn.XLOOKUP(D42, Project_Scores!$D:$D, Project_Scores!$F:$F, 0), 0) -> 0 | L42: =IFERROR(_xlfn.XLOOKUP(D42, Project_Scores!$D:$D, Project_Scores!$G:$G, 0), 0) -> 0 | M42: =SUM(J42,K42,L42) -> 0 | N42: =IFERROR(VLOOKUP(D42,Source_Grades!$A:$N,13,FALSE()),0) -> 107 | O42: =IFERROR(VLOOKUP(D42,Source_Grades!$A:$V,22,FALSE())*100,0) -> 83.333333 | P42: =IFERROR(VLOOKUP(D42,Source_Grades!$A:$Z,25,FALSE())*20,0) -> 100 | Q42: =IF(N42=0,0,N42/135*100) -> 79.259259 | R42: =O42 -> 83.333333 | S42: =IF(M42="",0,M42/145*100) -> 0 | T42: =Q42*0.2 + R42*0.3 + S42*0.5 -> 40.851852 | U42: =IF(R42>=60,"نعم","لا") -> نعم | V42: =IF(AND(T42>60,R42>=60),"ناجح","لم ينجح") -> لم ينجح
B43: 2 | C43: احمد عادل عطيه صبري | D43: 20241700044 | E43: المستوى الثاني/ Level 2 | F43: General (Mainstream) / عام | G43: 01006530285 | H43: 20241700044@cis.asu.edu.eg | J43: 0 | M43: =SUM(J43,K43,L43) -> 0 | N43: =IFERROR(VLOOKUP(D43,Source_Grades!$A:$N,13,FALSE()),0) -> 101 | O43: =IFERROR(VLOOKUP(D43,Source_Grades!$A:$V,22,FALSE())*100,0) -> 83.333333 | P43: =IFERROR(VLOOKUP(D43,Source_Grades!$A:$Z,25,FALSE())*20,0) -> 100 | Q43: =IF(N43=0,0,N43/135*100) -> 74.814815 | R43: =O43 -> 83.333333 | S43: =IF(M43="",0,M43/145*100) -> 0 | T43: =Q43*0.2 + R43*0.3 + S43*0.5 -> 39.962963 | U43: =IF(R43>=60,"نعم","لا") -> نعم | V43: =IF(AND(T43>60,R43>=60),"ناجح","لم ينجح") -> لم ينجح
B44: 3 | C44: يوسف سيد فوزي عبدالرحيم | D44: 2023170731 | E44: المستوى الثالث/ Level 3 | F44: نظم المعلومات/ Information Systems | G44: 01155091396 | H44: 2023170731@cis.asu.edu.eg | J44: 0 | M44: =SUM(J44,K44,L44) -> 0 | N44: =IFERROR(VLOOKUP(D44,Source_Grades!$A:$N,13,FALSE()),0) -> 116 | O44: =IFERROR(VLOOKUP(D44,Source_Grades!$A:$V,22,FALSE())*100,0) -> 66.666667 | P44: =IFERROR(VLOOKUP(D44,Source_Grades!$A:$Z,25,FALSE())*20,0) -> 80 | Q44: =IF(N44=0,0,N44/135*100) -> 85.925926 | R44: =O44 -> 66.666667 | S44: =IF(M44="",0,M44/145*100) -> 0 | T44: =Q44*0.2 + R44*0.3 + S44*0.5 -> 37.185185 | U44: =IF(R44>=60,"نعم","لا") -> نعم | V44: =IF(AND(T44>60,R44>=60),"ناجح","لم ينجح") -> لم ينجح
B45: 4 | C45: محمد عيد محمود سيد | D45: 20251701133 | E45: المستوى الأول/ Level 1 | F45: General (Mainstream) / عام | G45: 01090342957 | H45: 20251701133@cis.asu.edu.eg | J45: 0 | M45: =SUM(J45,K45,L45) -> 0 | N45: =IFERROR(VLOOKUP(D45,Source_Grades!$A:$N,13,FALSE()),0) -> 75 | O45: =IFERROR(VLOOKUP(D45,Source_Grades!$A:$V,22,FALSE())*100,0) -> 83.333333 | P45: =IFERROR(VLOOKUP(D45,Source_Grades!$A:$Z,25,FALSE())*20,0) -> 100 | Q45: =IF(N45=0,0,N45/135*100) -> 55.555556 | R45: =O45 -> 83.333333 | S45: =IF(M45="",0,M45/145*100) -> 0 | T45: =Q45*0.2 + R45*0.3 + S45*0.5 -> 36.111111 | U45: =IF(R45>=60,"نعم","لا") -> نعم | V45: =IF(AND(T45>60,R45>=60),"ناجح","لم ينجح") -> لم ينجح
B46: 5 | C46: احمد ابوسريع ابراهيم سويلم | D46: 20241700014 | E46: المستوى الثاني/ Level 2 | F46: General (Mainstream) / عام | G46: 01206477824 | H46: 20241700014@cis.asu.edu.eg | J46: 0 | M46: =SUM(J46,K46,L46) -> 0 | N46: =IFERROR(VLOOKUP(D46,Source_Grades!$A:$N,13,FALSE()),0) -> 133 | O46: =IFERROR(VLOOKUP(D46,Source_Grades!$A:$V,22,FALSE())*100,0) -> 83.333333 | P46: =IFERROR(VLOOKUP(D46,Source_Grades!$A:$Z,25,FALSE())*20,0) -> 100 | Q46: =IF(N46=0,0,N46/135*100) -> 98.518519 | R46: =O46 -> 83.333333 | S46: =IF(M46="",0,M46/145*100) -> 0 | T46: =Q46*0.2 + R46*0.3 + S46*0.5 -> 44.703704 | U46: =IF(R46>=60,"نعم","لا") -> نعم | V46: =IF(AND(T46>60,R46>=60),"ناجح","لم ينجح") -> لم ينجح
A47: team 10 | B47: 1 | C47: حسن هاني حسن محمد | D47: 20251700235 | E47: المستوى الأول/ Level 1 | F47: General (Mainstream) / عام | G47: 01002508159 | H47: 20251700235@cis.asu.edu.eg | I47: Ibrahim Yousry | J47: 0 | K47: =IFERROR(_xlfn.XLOOKUP(D47, Project_Scores!$D:$D, Project_Scores!$F:$F, 0), 0) -> 0 | L47: =IFERROR(_xlfn.XLOOKUP(D47, Project_Scores!$D:$D, Project_Scores!$G:$G, 0), 0) -> 0 | M47: =SUM(J47,K47,L47) -> 0 | N47: =IFERROR(VLOOKUP(D47,Source_Grades!$A:$N,13,FALSE()),0) -> 65 | O47: =IFERROR(VLOOKUP(D47,Source_Grades!$A:$V,22,FALSE())*100,0) -> 66.666667 | P47: =IFERROR(VLOOKUP(D47,Source_Grades!$A:$Z,25,FALSE())*20,0) -> 80 | Q47: =IF(N47=0,0,N47/135*100) -> 48.148148 | R47: =O47 -> 66.666667 | S47: =IF(M47="",0,M47/145*100) -> 0 | T47: =Q47*0.2 + R47*0.3 + S47*0.5 -> 29.62963 | U47: =IF(R47>=60,"نعم","لا") -> نعم | V47: =IF(AND(T47>60,R47>=60),"ناجح","لم ينجح") -> لم ينجح
B48: 2 | C48: أحمد عصام حسين محمود | D48: 20241701173 | E48: المستوى الأول/ Level 1 | F48: General (Mainstream) / عام | G48: 01128165348 | H48: 20241701173@cis.asu.edu.eg | J48: 0 | M48: =SUM(J48,K48,L48) -> 0 | N48: =IFERROR(VLOOKUP(D48,Source_Grades!$A:$N,13,FALSE()),0) -> 138 | O48: =IFERROR(VLOOKUP(D48,Source_Grades!$A:$V,22,FALSE())*100,0) -> 83.333333 | P48: =IFERROR(VLOOKUP(D48,Source_Grades!$A:$Z,25,FALSE())*20,0) -> 100 | Q48: =IF(N48=0,0,N48/135*100) -> 102.22222 | R48: =O48 -> 83.333333 | S48: =IF(M48="",0,M48/145*100) -> 0 | T48: =Q48*0.2 + R48*0.3 + S48*0.5 -> 45.444444 | U48: =IF(R48>=60,"نعم","لا") -> نعم | V48: =IF(AND(T48>60,R48>=60),"ناجح","لم ينجح") -> لم ينجح
B49: 3 | C49: دانيال رأفت باقي يوسف | D49: 20241700290 | E49: المستوى الثاني/ Level 2 | F49: General (Mainstream) / عام | G49: 01201116554 | H49: 20241700290@cis.asu.edu.eg | J49: 0 | M49: =SUM(J49,K49,L49) -> 0 | N49: =IFERROR(VLOOKUP(D49,Source_Grades!$A:$N,13,FALSE()),0) -> 94 | O49: =IFERROR(VLOOKUP(D49,Source_Grades!$A:$V,22,FALSE())*100,0) -> 83.333333 | P49: =IFERROR(VLOOKUP(D49,Source_Grades!$A:$Z,25,FALSE())*20,0) -> 100 | Q49: =IF(N49=0,0,N49/135*100) -> 69.62963 | R49: =O49 -> 83.333333 | S49: =IF(M49="",0,M49/145*100) -> 0 | T49: =Q49*0.2 + R49*0.3 + S49*0.5 -> 38.925926 | U49: =IF(R49>=60,"نعم","لا") -> نعم | V49: =IF(AND(T49>60,R49>=60),"ناجح","لم ينجح") -> لم ينجح
B50: 4 | C50: خالد محمد مسعد السبع | D50: 20251700250 | E50: المستوى الأول/ Level 1 | F50: General (Mainstream) / عام | G50: 01278995597 | H50: 20251700250@cis.asu.edu.eg | J50: 0 | M50: =SUM(J50,K50,L50) -> 0 | N50: =IFERROR(VLOOKUP(D50,Source_Grades!$A:$N,13,FALSE()),0) -> 121 | O50: =IFERROR(VLOOKUP(D50,Source_Grades!$A:$V,22,FALSE())*100,0) -> 66.666667 | P50: =IFERROR(VLOOKUP(D50,Source_Grades!$A:$Z,25,FALSE())*20,0) -> 80 | Q50: =IF(N50=0,0,N50/135*100) -> 89.62963 | R50: =O50 -> 66.666667 | S50: =IF(M50="",0,M50/145*100) -> 0 | T50: =Q50*0.2 + R50*0.3 + S50*0.5 -> 37.925926 | U50: =IF(R50>=60,"نعم","لا") -> نعم | V50: =IF(AND(T50>60,R50>=60),"ناجح","لم ينجح") -> لم ينجح
B51: 5 | C51: محمد ماجد سليمان مضوي | D51: 20251701232 | E51: المستوى الأول/ Level 1 | F51: General (Mainstream) / عام | G51: 01032860895 | H51: 20251701232@cis.asu.edu.eg | J51: 0 | M51: =SUM(J51,K51,L51) -> 0 | N51: =IFERROR(VLOOKUP(D51,Source_Grades!$A:$N,13,FALSE()),0) -> 90 | O51: =IFERROR(VLOOKUP(D51,Source_Grades!$A:$V,22,FALSE())*100,0) -> 83.333333 | P51: =IFERROR(VLOOKUP(D51,Source_Grades!$A:$Z,25,FALSE())*20,0) -> 100 | Q51: =IF(N51=0,0,N51/135*100) -> 66.666667 | R51: =O51 -> 83.333333 | S51: =IF(M51="",0,M51/145*100) -> 0 | T51: =Q51*0.2 + R51*0.3 + S51*0.5 -> 38.333333 | U51: =IF(R51>=60,"نعم","لا") -> نعم | V51: =IF(AND(T51>60,R51>=60),"ناجح","لم ينجح") -> لم ينجح
A52: team 11 | B52: 1 | C52: محمد عاطف حسن علي | D52: 20251700704 | E52: المستوى الأول/ Level 1 | F52: General (Mainstream) / عام | G52: 01156625722 | H52: 20251700704@cis.asu.edu.eg | I52: Yasmin salah | J52: 0 | K52: =IFERROR(_xlfn.XLOOKUP(D52, Project_Scores!$D:$D, Project_Scores!$F:$F, 0), 0) -> 0 | L52: =IFERROR(_xlfn.XLOOKUP(D52, Project_Scores!$D:$D, Project_Scores!$G:$G, 0), 0) -> 0 | M52: =SUM(J52,K52,L52) -> 0 | N52: =IFERROR(VLOOKUP(D52,Source_Grades!$A:$N,13,FALSE()),0) -> 110 | O52: =IFERROR(VLOOKUP(D52,Source_Grades!$A:$V,22,FALSE())*100,0) -> 83.333333 | P52: =IFERROR(VLOOKUP(D52,Source_Grades!$A:$Z,25,FALSE())*20,0) -> 100 | Q52: =IF(N52=0,0,N52/135*100) -> 81.481481 | R52: =O52 -> 83.333333 | S52: =IF(M52="",0,M52/145*100) -> 0 | T52: =Q52*0.2 + R52*0.3 + S52*0.5 -> 41.296296 | U52: =IF(R52>=60,"نعم","لا") -> نعم | V52: =IF(AND(T52>60,R52>=60),"ناجح","لم ينجح") -> لم ينجح
B53: 2 | C53: علي عمرو محمد عبدالهادي | D53: 20231700233 | E53: المستوى الثالث/ Level 3 | F53: الذكاء الاصطناعي/ Artificial Intelligence | G53: 01066973048 | H53: 20231700233@cis.asu.edu.eg | J53: 0 | M53: =SUM(J53,K53,L53) -> 0 | N53: =IFERROR(VLOOKUP(D53,Source_Grades!$A:$N,13,FALSE()),0) -> 140 | O53: =IFERROR(VLOOKUP(D53,Source_Grades!$A:$V,22,FALSE())*100,0) -> 83.333333 | P53: =IFERROR(VLOOKUP(D53,Source_Grades!$A:$Z,25,FALSE())*20,0) -> 100 | Q53: =IF(N53=0,0,N53/135*100) -> 103.7037 | R53: =O53 -> 83.333333 | S53: =IF(M53="",0,M53/145*100) -> 0 | T53: =Q53*0.2 + R53*0.3 + S53*0.5 -> 45.740741 | U53: =IF(R53>=60,"نعم","لا") -> نعم | V53: =IF(AND(T53>60,R53>=60),"ناجح","لم ينجح") -> لم ينجح
B54: 3 | C54: محمد عبدالحميد سعيد النشار | D54: 20251700711 | E54: المستوى الأول/ Level 1 | F54: General (Mainstream) / عام | G54: 01027536651 | H54: 20251700711@cis.asu.edu.eg | J54: 0 | M54: =SUM(J54,K54,L54) -> 0 | N54: =IFERROR(VLOOKUP(D54,Source_Grades!$A:$N,13,FALSE()),0) -> 75 | O54: =IFERROR(VLOOKUP(D54,Source_Grades!$A:$V,22,FALSE())*100,0) -> 83.333333 | P54: =IFERROR(VLOOKUP(D54,Source_Grades!$A:$Z,25,FALSE())*20,0) -> 100 | Q54: =IF(N54=0,0,N54/135*100) -> 55.555556 | R54: =O54 -> 83.333333 | S54: =IF(M54="",0,M54/145*100) -> 0 | T54: =Q54*0.2 + R54*0.3 + S54*0.5 -> 36.111111 | U54: =IF(R54>=60,"نعم","لا") -> نعم | V54: =IF(AND(T54>60,R54>=60),"ناجح","لم ينجح") -> لم ينجح
B55: 4 | C55: عمر فؤاد محمد الشافعي | D55: 20251700531 | E55: المستوى الأول/ Level 1 | F55: General (Mainstream) / عام | G55: 01211092805 | H55: 20251700531@cis.asu.edu.eg | J55: 0 | M55: =SUM(J55,K55,L55) -> 0 | N55: =IFERROR(VLOOKUP(D55,Source_Grades!$A:$N,13,FALSE()),0) -> 96 | O55: =IFERROR(VLOOKUP(D55,Source_Grades!$A:$V,22,FALSE())*100,0) -> 83.333333 | P55: =IFERROR(VLOOKUP(D55,Source_Grades!$A:$Z,25,FALSE())*20,0) -> 100 | Q55: =IF(N55=0,0,N55/135*100) -> 71.111111 | R55: =O55 -> 83.333333 | S55: =IF(M55="",0,M55/145*100) -> 0 | T55: =Q55*0.2 + R55*0.3 + S55*0.5 -> 39.222222 | U55: =IF(R55>=60,"نعم","لا") -> نعم | V55: =IF(AND(T55>60,R55>=60),"ناجح","لم ينجح") -> لم ينجح
B56: 5 | C56: أنس أحمد عيسى أحمد | D56: 20251701110 | E56: المستوى الأول/ Level 1 | F56: General (Mainstream) / عام | G56: 01003495789 | H56: 20251701110@cis.asu.edu.eg | J56: 0 | M56: =SUM(J56,K56,L56) -> 0 | N56: =IFERROR(VLOOKUP(D56,Source_Grades!$A:$N,13,FALSE()),0) -> 0 | O56: =IFERROR(VLOOKUP(D56,Source_Grades!$A:$V,22,FALSE())*100,0) -> 66.666667 | P56: =IFERROR(VLOOKUP(D56,Source_Grades!$A:$Z,25,FALSE())*20,0) -> 80 | Q56: =IF(N56=0,0,N56/135*100) -> 0 | R56: =O56 -> 66.666667 | S56: =IF(M56="",0,M56/145*100) -> 0 | T56: =Q56*0.2 + R56*0.3 + S56*0.5 -> 20 | U56: =IF(R56>=60,"نعم","لا") -> نعم | V56: =IF(AND(T56>60,R56>=60),"ناجح","لم ينجح") -> لم ينجح
A57: team 12 | B57: 1 | C57: نورهان سيد فواز سيد | D57: 20241701169 | E57: المستوى الثاني/ Level 2 | F57: General (Mainstream) / عام | G57: 01067336765 | H57: 20241701169@cis.asu.edu.eg | I57: Shreif | J57: 0 | K57: =IFERROR(_xlfn.XLOOKUP(D57, Project_Scores!$D:$D, Project_Scores!$F:$F, 0), 0) -> 0 | L57: =IFERROR(_xlfn.XLOOKUP(D57, Project_Scores!$D:$D, Project_Scores!$G:$G, 0), 0) -> 0 | M57: =SUM(J57,K57,L57) -> 0 | N57: =IFERROR(VLOOKUP(D57,Source_Grades!$A:$N,13,FALSE()),0) -> 130 | O57: =IFERROR(VLOOKUP(D57,Source_Grades!$A:$V,22,FALSE())*100,0) -> 83.333333 | P57: =IFERROR(VLOOKUP(D57,Source_Grades!$A:$Z,25,FALSE())*20,0) -> 100 | Q57: =IF(N57=0,0,N57/135*100) -> 96.296296 | R57: =O57 -> 83.333333 | S57: =IF(M57="",0,M57/145*100) -> 0 | T57: =Q57*0.2 + R57*0.3 + S57*0.5 -> 44.259259 | U57: =IF(R57>=60,"نعم","لا") -> نعم | V57: =IF(AND(T57>60,R57>=60),"ناجح","لم ينجح") -> لم ينجح
B58: 2 | C58: بلال محمد عشري | D58: 20251701155 | E58: المستوى الأول/ Level 1 | F58: General (Mainstream) / عام | G58: 0 10 98464575 | H58: 20251701155@cis.asu.edu.eg | J58: 0 | M58: =SUM(J58,K58,L58) -> 0 | N58: =IFERROR(VLOOKUP(D58,Source_Grades!$A:$N,13,FALSE()),0) -> 130 | O58: =IFERROR(VLOOKUP(D58,Source_Grades!$A:$V,22,FALSE())*100,0) -> 83.333333 | P58: =IFERROR(VLOOKUP(D58,Source_Grades!$A:$Z,25,FALSE())*20,0) -> 100 | Q58: =IF(N58=0,0,N58/135*100) -> 96.296296 | R58: =O58 -> 83.333333 | S58: =IF(M58="",0,M58/145*100) -> 0 | T58: =Q58*0.2 + R58*0.3 + S58*0.5 -> 44.259259 | U58: =IF(R58>=60,"نعم","لا") -> نعم | V58: =IF(AND(T58>60,R58>=60),"ناجح","لم ينجح") -> لم ينجح
B59: 3 | C59: ماريو فوزي وليم | D59: 2023170466 | E59: المستوى الثالث/ Level 3 | F59: نظم المعلومات/ Information Systems | G59: 012 22241442 | H59: 2023170466@cis.asu.edu.eg | J59: 0 | M59: =SUM(J59,K59,L59) -> 0 | N59: =IFERROR(VLOOKUP(D59,Source_Grades!$A:$N,13,FALSE()),0) -> 98 | O59: =IFERROR(VLOOKUP(D59,Source_Grades!$A:$V,22,FALSE())*100,0) -> 83.333333 | P59: =IFERROR(VLOOKUP(D59,Source_Grades!$A:$Z,25,FALSE())*20,0) -> 100 | Q59: =IF(N59=0,0,N59/135*100) -> 72.592593 | R59: =O59 -> 83.333333 | S59: =IF(M59="",0,M59/145*100) -> 0 | T59: =Q59*0.2 + R59*0.3 + S59*0.5 -> 39.518519 | U59: =IF(R59>=60,"نعم","لا") -> نعم | V59: =IF(AND(T59>60,R59>=60),"ناجح","لم ينجح") -> لم ينجح
B60: 4 | C60: احمد حسن بيومي | D60: 20251701144 | E60: المستوى الأول/ Level 1 | F60: General (Mainstream) / عام | G60: 0 11 00183776 | H60: 20251701144@cis.asu.edu.eg | J60: 0 | M60: =SUM(J60,K60,L60) -> 0 | N60: =IFERROR(VLOOKUP(D60,Source_Grades!$A:$N,13,FALSE()),0) -> 109 | O60: =IFERROR(VLOOKUP(D60,Source_Grades!$A:$V,22,FALSE())*100,0) -> 83.333333 | P60: =IFERROR(VLOOKUP(D60,Source_Grades!$A:$Z,25,FALSE())*20,0) -> 100 | Q60: =IF(N60=0,0,N60/135*100) -> 80.740741 | R60: =O60 -> 83.333333 | S60: =IF(M60="",0,M60/145*100) -> 0 | T60: =Q60*0.2 + R60*0.3 + S60*0.5 -> 41.148148 | U60: =IF(R60>=60,"نعم","لا") -> نعم | V60: =IF(AND(T60>60,R60>=60),"ناجح","لم ينجح") -> لم ينجح
B61: 5 | C61: عامر وحيد هلال | D61: 20241701556 | E61: المستوى الثاني/ Level 2 | F61: تقنية المعلومات الحيوية/ Bioinformatics | G61: 01150694978 | H61: 20241701556@cis.asu.edu.eg | J61: 0 | M61: =SUM(J61,K61,L61) -> 0 | N61: =IFERROR(VLOOKUP(D61,Source_Grades!$A:$N,13,FALSE()),0) -> 145 | O61: =IFERROR(VLOOKUP(D61,Source_Grades!$A:$V,22,FALSE())*100,0) -> 66.666667 | P61: =IFERROR(VLOOKUP(D61,Source_Grades!$A:$Z,25,FALSE())*20,0) -> 80 | Q61: =IF(N61=0,0,N61/135*100) -> 107.40741 | R61: =O61 -> 66.666667 | S61: =IF(M61="",0,M61/145*100) -> 0 | T61: =Q61*0.2 + R61*0.3 + S61*0.5 -> 41.481481 | U61: =IF(R61>=60,"نعم","لا") -> نعم | V61: =IF(AND(T61>60,R61>=60),"ناجح","لم ينجح") -> لم ينجح
A62: team 13 | B62: 1 | C62: عمر مجدي علي | D62: 20241700568 | E62: المستوى الثاني/ Level 2 | F62: General (Mainstream) / عام | G62: 01117944670 | H62: 20241700568@cis.asu.edu.eg | I62: Abdelrahman Sanad | J62: 0 | K62: =IFERROR(_xlfn.XLOOKUP(D62, Project_Scores!$D:$D, Project_Scores!$F:$F, 0), 0) -> 0 | L62: =IFERROR(_xlfn.XLOOKUP(D62, Project_Scores!$D:$D, Project_Scores!$G:$G, 0), 0) -> 0 | M62: =SUM(J62,K62,L62) -> 0 | N62: =IFERROR(VLOOKUP(D62,Source_Grades!$A:$N,13,FALSE()),0) -> 80 | O62: =IFERROR(VLOOKUP(D62,Source_Grades!$A:$V,22,FALSE())*100,0) -> 83.333333 | P62: =IFERROR(VLOOKUP(D62,Source_Grades!$A:$Z,25,FALSE())*20,0) -> 100 | Q62: =IF(N62=0,0,N62/135*100) -> 59.259259 | R62: =O62 -> 83.333333 | S62: =IF(M62="",0,M62/145*100) -> 0 | T62: =Q62*0.2 + R62*0.3 + S62*0.5 -> 36.851852 | U62: =IF(R62>=60,"نعم","لا") -> نعم | V62: =IF(AND(T62>60,R62>=60),"ناجح","لم ينجح") -> لم ينجح
B63: 2 | C63: محمد يوسف عباس | D63: 20241700770 | E63: المستوى الثاني/ Level 2 | F63: General (Mainstream) / عام | G63: 01122556021 | H63: 20241700770@cis.asu.edu.eg | J63: 0 | M63: =SUM(J63,K63,L63) -> 0 | N63: =IFERROR(VLOOKUP(D63,Source_Grades!$A:$N,13,FALSE()),0) -> 80 | O63: =IFERROR(VLOOKUP(D63,Source_Grades!$A:$V,22,FALSE())*100,0) -> 83.333333 | P63: =IFERROR(VLOOKUP(D63,Source_Grades!$A:$Z,25,FALSE())*20,0) -> 100 | Q63: =IF(N63=0,0,N63/135*100) -> 59.259259 | R63: =O63 -> 83.333333 | S63: =IF(M63="",0,M63/145*100) -> 0 | T63: =Q63*0.2 + R63*0.3 + S63*0.5 -> 36.851852 | U63: =IF(R63>=60,"نعم","لا") -> نعم | V63: =IF(AND(T63>60,R63>=60),"ناجح","لم ينجح") -> لم ينجح
B64: 3 | C64: عمر هشام محمد | D64: 20241700581 | E64: المستوى الثاني/ Level 2 | F64: General (Mainstream) / عام | G64: 01031301246 | H64: 20241700581@cis.asu.edu.eg | J64: 0 | M64: =SUM(J64,K64,L64) -> 0 | N64: =IFERROR(VLOOKUP(D64,Source_Grades!$A:$N,13,FALSE()),0) -> 120 | O64: =IFERROR(VLOOKUP(D64,Source_Grades!$A:$V,22,FALSE())*100,0) -> 66.666667 | P64: =IFERROR(VLOOKUP(D64,Source_Grades!$A:$Z,25,FALSE())*20,0) -> 80 | Q64: =IF(N64=0,0,N64/135*100) -> 88.888889 | R64: =O64 -> 66.666667 | S64: =IF(M64="",0,M64/145*100) -> 0 | T64: =Q64*0.2 + R64*0.3 + S64*0.5 -> 37.777778 | U64: =IF(R64>=60,"نعم","لا") -> نعم | V64: =IF(AND(T64>60,R64>=60),"ناجح","لم ينجح") -> لم ينجح
B65: 4 | C65: محمد كمال محمد | D65: 20241700741 | E65: المستوى الثاني/ Level 2 | F65: General (Mainstream) / عام | G65: 01011892881 | H65: 20241700741@cis.asu.edu.eg | J65: 0 | M65: =SUM(J65,K65,L65) -> 0 | N65: =IFERROR(VLOOKUP(D65,Source_Grades!$A:$N,13,FALSE()),0) -> 124 | O65: =IFERROR(VLOOKUP(D65,Source_Grades!$A:$V,22,FALSE())*100,0) -> 66.666667 | P65: =IFERROR(VLOOKUP(D65,Source_Grades!$A:$Z,25,FALSE())*20,0) -> 80 | Q65: =IF(N65=0,0,N65/135*100) -> 91.851852 | R65: =O65 -> 66.666667 | S65: =IF(M65="",0,M65/145*100) -> 0 | T65: =Q65*0.2 + R65*0.3 + S65*0.5 -> 38.37037 | U65: =IF(R65>=60,"نعم","لا") -> نعم | V65: =IF(AND(T65>60,R65>=60),"ناجح","لم ينجح") -> لم ينجح
B66: 5 | C66: احمد عبدالله عمر | D66: 20241700047 | E66: المستوى الثاني/ Level 2 | F66: General (Mainstream) / عام | G66: 01111852275 | H66: 20241700047@cis.asu.edu.eg | J66: 0 | M66: =SUM(J66,K66,L66) -> 0 | N66: =IFERROR(VLOOKUP(D66,Source_Grades!$A:$N,13,FALSE()),0) -> 55 | O66: =IFERROR(VLOOKUP(D66,Source_Grades!$A:$V,22,FALSE())*100,0) -> 50 | P66: =IFERROR(VLOOKUP(D66,Source_Grades!$A:$Z,25,FALSE())*20,0) -> 60 | Q66: =IF(N66=0,0,N66/135*100) -> 40.740741 | R66: =O66 -> 50 | S66: =IF(M66="",0,M66/145*100) -> 0 | T66: =Q66*0.2 + R66*0.3 + S66*0.5 -> 23.148148 | U66: =IF(R66>=60,"نعم","لا") -> لا | V66: =IF(AND(T66>60,R66>=60),"ناجح","لم ينجح") -> لم ينجح
A67: team 14 | B67: 1 | C67: سيف الدين وليد حسني | D67: 20241700409 | E67: المستوى الثاني/ Level 2 | F67: General (Mainstream) / عام | G67: 01021470303 | H67: 20241700409@cis.asu.edu.eg | I67: Esraa | J67: 0 | K67: =IFERROR(_xlfn.XLOOKUP(D67, Project_Scores!$D:$D, Project_Scores!$F:$F, 0), 0) -> 0 | L67: =IFERROR(_xlfn.XLOOKUP(D67, Project_Scores!$D:$D, Project_Scores!$G:$G, 0), 0) -> 0 | M67: =SUM(J67,K67,L67) -> 0 | N67: =IFERROR(VLOOKUP(D67,Source_Grades!$A:$N,13,FALSE()),0) -> 0 | O67: =IFERROR(VLOOKUP(D67,Source_Grades!$A:$V,22,FALSE())*100,0) -> 0 | P67: =IFERROR(VLOOKUP(D67,Source_Grades!$A:$Z,25,FALSE())*20,0) -> 0 | Q67: =IF(N67=0,0,N67/135*100) -> 0 | R67: =O67 -> 0 | S67: =IF(M67="",0,M67/145*100) -> 0 | T67: =Q67*0.2 + R67*0.3 + S67*0.5 -> 0 | U67: =IF(R67>=60,"نعم","لا") -> لا | V67: =IF(AND(T67>60,R67>=60),"ناجح","لم ينجح") -> لم ينجح
B68: 2 | C68: عبدالله محمد عبدالله قناوي | D68: 20241700515 | E68: المستوى الثاني/ Level 2 | F68: General (Mainstream) / عام | G68: 01121319322 | H68: 20241700515@cis.asu.edu.eg | J68: 0 | M68: =SUM(J68,K68,L68) -> 0 | N68: =IFERROR(VLOOKUP(D68,Source_Grades!$A:$N,13,FALSE()),0) -> 0 | O68: =IFERROR(VLOOKUP(D68,Source_Grades!$A:$V,22,FALSE())*100,0) -> 0 | P68: =IFERROR(VLOOKUP(D68,Source_Grades!$A:$Z,25,FALSE())*20,0) -> 0 | Q68: =IF(N68=0,0,N68/135*100) -> 0 | R68: =O68 -> 0 | S68: =IF(M68="",0,M68/145*100) -> 0 | T68: =Q68*0.2 + R68*0.3 + S68*0.5 -> 0 | U68: =IF(R68>=60,"نعم","لا") -> لا | V68: =IF(AND(T68>60,R68>=60),"ناجح","لم ينجح") -> لم ينجح
B69: 3 | C69: رامز مجدي صبحي غالي | D69: 2023170213 | E69: المستوى الثالث/ Level 3 | F69: علوم الحاسب/ Computer Science | G69: 01554413885 | H69: 2023170213@cis.asu.edu.eg | J69: 0 | M69: =SUM(J69,K69,L69) -> 0 | N69: =IFERROR(VLOOKUP(D69,Source_Grades!$A:$N,13,FALSE()),0) -> 0 | O69: =IFERROR(VLOOKUP(D69,Source_Grades!$A:$V,22,FALSE())*100,0) -> 0 | P69: =IFERROR(VLOOKUP(D69,Source_Grades!$A:$Z,25,FALSE())*20,0) -> 0 | Q69: =IF(N69=0,0,N69/135*100) -> 0 | R69: =O69 -> 0 | S69: =IF(M69="",0,M69/145*100) -> 0 | T69: =Q69*0.2 + R69*0.3 + S69*0.5 -> 0 | U69: =IF(R69>=60,"نعم","لا") -> لا | V69: =IF(AND(T69>60,R69>=60),"ناجح","لم ينجح") -> لم ينجح
B70: 4 | C70: ابراهيم محمد يسري احمد | D70: 2023170014 | E70: المستوى الثالث/ Level 3 | F70: نظم المعلومات/ Information Systems | G70: 01157189838 | H70: 2023170014@cis.asu.edu.eg | J70: 0 | M70: =SUM(J70,K70,L70) -> 0 | N70: =IFERROR(VLOOKUP(D70,Source_Grades!$A:$N,13,FALSE()),0) -> 0 | O70: =IFERROR(VLOOKUP(D70,Source_Grades!$A:$V,22,FALSE())*100,0) -> 0 | P70: =IFERROR(VLOOKUP(D70,Source_Grades!$A:$Z,25,FALSE())*20,0) -> 0 | Q70: =IF(N70=0,0,N70/135*100) -> 0 | R70: =O70 -> 0 | S70: =IF(M70="",0,M70/145*100) -> 0 | T70: =Q70*0.2 + R70*0.3 + S70*0.5 -> 0 | U70: =IF(R70>=60,"نعم","لا") -> لا | V70: =IF(AND(T70>60,R70>=60),"ناجح","لم ينجح") -> لم ينجح
B71: 5 | C71: احمد اسماعيل سيد محمدي | D71: 2023170020 | E71: المستوى الثالث/ Level 3 | F71: نظم المعلومات/ Information Systems | G71: 01002492916 | H71: 2023170020@cis.asu.edu.eg | J71: 0 | M71: =SUM(J71,K71,L71) -> 0 | N71: =IFERROR(VLOOKUP(D71,Source_Grades!$A:$N,13,FALSE()),0) -> 0 | O71: =IFERROR(VLOOKUP(D71,Source_Grades!$A:$V,22,FALSE())*100,0) -> 0 | P71: =IFERROR(VLOOKUP(D71,Source_Grades!$A:$Z,25,FALSE())*20,0) -> 0 | Q71: =IF(N71=0,0,N71/135*100) -> 0 | R71: =O71 -> 0 | S71: =IF(M71="",0,M71/145*100) -> 0 | T71: =Q71*0.2 + R71*0.3 + S71*0.5 -> 0 | U71: =IF(R71>=60,"نعم","لا") -> لا | V71: =IF(AND(T71>60,R71>=60),"ناجح","لم ينجح") -> لم ينجح
A72: team 15 | B72: 1 | C72: ندى محمود رياض نور الدين محمود | D72: 20241700920 | E72: المستوى الثاني/ Level 2 | F72: General (Mainstream) / عام | G72: 01017817373 | H72: 20241700920@cis.asu.edu.eg | I72: Nour gad | J72: 0 | K72: =IFERROR(_xlfn.XLOOKUP(D72, Project_Scores!$D:$D, Project_Scores!$F:$F, 0), 0) -> 0 | L72: =IFERROR(_xlfn.XLOOKUP(D72, Project_Scores!$D:$D, Project_Scores!$G:$G, 0), 0) -> 0 | M72: =SUM(J72,K72,L72) -> 0 | N72: =IFERROR(VLOOKUP(D72,Source_Grades!$A:$N,13,FALSE()),0) -> 139 | O72: =IFERROR(VLOOKUP(D72,Source_Grades!$A:$V,22,FALSE())*100,0) -> 83.333333 | P72: =IFERROR(VLOOKUP(D72,Source_Grades!$A:$Z,25,FALSE())*20,0) -> 100 | Q72: =IF(N72=0,0,N72/135*100) -> 102.96296 | R72: =O72 -> 83.333333 | S72: =IF(M72="",0,M72/145*100) -> 0 | T72: =Q72*0.2 + R72*0.3 + S72*0.5 -> 45.592593 | U72: =IF(R72>=60,"نعم","لا") -> نعم | V72: =IF(AND(T72>60,R72>=60),"ناجح","لم ينجح") -> لم ينجح
B73: 2 | C73: نوران محمد السيد محمد نصر | D73: 20241700935 | E73: المستوى الثاني/ Level 2 | F73: General (Mainstream) / عام | G73: 01280841784 | H73: 20241700935@cis.asu.edu.eg | J73: 0 | M73: =SUM(J73,K73,L73) -> 0 | N73: =IFERROR(VLOOKUP(D73,Source_Grades!$A:$N,13,FALSE()),0) -> 137 | O73: =IFERROR(VLOOKUP(D73,Source_Grades!$A:$V,22,FALSE())*100,0) -> 83.333333 | P73: =IFERROR(VLOOKUP(D73,Source_Grades!$A:$Z,25,FALSE())*20,0) -> 100 | Q73: =IF(N73=0,0,N73/135*100) -> 101.48148 | R73: =O73 -> 83.333333 | S73: =IF(M73="",0,M73/145*100) -> 0 | T73: =Q73*0.2 + R73*0.3 + S73*0.5 -> 45.296296 | U73: =IF(R73>=60,"نعم","لا") -> نعم | V73: =IF(AND(T73>60,R73>=60),"ناجح","لم ينجح") -> لم ينجح
B74: 3 | C74: هايدي محمد عبد الفتاح | D74: 20241700953 | E74: المستوى الثاني/ Level 2 | F74: General (Mainstream) / عام | G74: 01012432324 | H74: 20241700953@cis.asu.edu.eg | J74: 0 | M74: =SUM(J74,K74,L74) -> 0 | N74: =IFERROR(VLOOKUP(D74,Source_Grades!$A:$N,13,FALSE()),0) -> 110.5 | O74: =IFERROR(VLOOKUP(D74,Source_Grades!$A:$V,22,FALSE())*100,0) -> 66.666667 | P74: =IFERROR(VLOOKUP(D74,Source_Grades!$A:$Z,25,FALSE())*20,0) -> 80 | Q74: =IF(N74=0,0,N74/135*100) -> 81.851852 | R74: =O74 -> 66.666667 | S74: =IF(M74="",0,M74/145*100) -> 0 | T74: =Q74*0.2 + R74*0.3 + S74*0.5 -> 36.37037 | U74: =IF(R74>=60,"نعم","لا") -> نعم | V74: =IF(AND(T74>60,R74>=60),"ناجح","لم ينجح") -> لم ينجح
B75: 4 | C75: نورين شريف عبد الفتاح شاهين | D75: 20241700943 | E75: المستوى الثاني/ Level 2 | F75: General (Mainstream) / عام | G75: 01130599015 | H75: 20241700943@cis.asu.edu.eg | J75: 0 | M75: =SUM(J75,K75,L75) -> 0 | N75: =IFERROR(VLOOKUP(D75,Source_Grades!$A:$N,13,FALSE()),0) -> 71 | O75: =IFERROR(VLOOKUP(D75,Source_Grades!$A:$V,22,FALSE())*100,0) -> 66.666667 | P75: =IFERROR(VLOOKUP(D75,Source_Grades!$A:$Z,25,FALSE())*20,0) -> 80 | Q75: =IF(N75=0,0,N75/135*100) -> 52.592593 | R75: =O75 -> 66.666667 | S75: =IF(M75="",0,M75/145*100) -> 0 | T75: =Q75*0.2 + R75*0.3 + S75*0.5 -> 30.518519 | U75: =IF(R75>=60,"نعم","لا") -> نعم | V75: =IF(AND(T75>60,R75>=60),"ناجح","لم ينجح") -> لم ينجح
B76: 5 | C76: عمر وليد سعيد علي | D76: 20241700585 | E76: المستوى الثاني/ Level 2 | F76: General (Mainstream) / عام | G76: 01124150915 | H76: 20241700585@cis.asu.edu.eg | J76: 0 | M76: =SUM(J76,K76,L76) -> 0 | N76: =IFERROR(VLOOKUP(D76,Source_Grades!$A:$N,13,FALSE()),0) -> 130 | O76: =IFERROR(VLOOKUP(D76,Source_Grades!$A:$V,22,FALSE())*100,0) -> 83.333333 | P76: =IFERROR(VLOOKUP(D76,Source_Grades!$A:$Z,25,FALSE())*20,0) -> 100 | Q76: =IF(N76=0,0,N76/135*100) -> 96.296296 | R76: =O76 -> 83.333333 | S76: =IF(M76="",0,M76/145*100) -> 0 | T76: =Q76*0.2 + R76*0.3 + S76*0.5 -> 44.259259 | U76: =IF(R76>=60,"نعم","لا") -> نعم | V76: =IF(AND(T76>60,R76>=60),"ناجح","لم ينجح") -> لم ينجح
A77: team 16 | B77: 1 | C77: عبدالرحمن احمد فاروق محمد فؤاد | D77: 20241701056 | E77: المستوى الثاني/ Level 2 | F77: General (Mainstream) / عام | G77: 01016753319 | H77: 20241701056@cis.asu.edu.eg | I77: Mohamed Taher | J77: 0 | K77: =IFERROR(_xlfn.XLOOKUP(D77, Project_Scores!$D:$D, Project_Scores!$F:$F, 0), 0) -> 0 | L77: =IFERROR(_xlfn.XLOOKUP(D77, Project_Scores!$D:$D, Project_Scores!$G:$G, 0), 0) -> 0 | M77: =SUM(J77,K77,L77) -> 0 | N77: =IFERROR(VLOOKUP(D77,Source_Grades!$A:$N,13,FALSE()),0) -> 136 | O77: =IFERROR(VLOOKUP(D77,Source_Grades!$A:$V,22,FALSE())*100,0) -> 83.333333 | P77: =IFERROR(VLOOKUP(D77,Source_Grades!$A:$Z,25,FALSE())*20,0) -> 100 | Q77: =IF(N77=0,0,N77/135*100) -> 100.74074 | R77: =O77 -> 83.333333 | S77: =IF(M77="",0,M77/145*100) -> 0 | T77: =Q77*0.2 + R77*0.3 + S77*0.5 -> 45.148148 | U77: =IF(R77>=60,"نعم","لا") -> نعم | V77: =IF(AND(T77>60,R77>=60),"ناجح","لم ينجح") -> لم ينجح
B78: 2 | C78: مهرائيل نسيم وليم | D78: 20251700862 | E78: المستوى الأول/ Level 1 | F78: General (Mainstream) / عام | G78: 01282444161 | H78: 20251700862@cis.asu.edu.eg | J78: 0 | M78: =SUM(J78,K78,L78) -> 0 | N78: =IFERROR(VLOOKUP(D78,Source_Grades!$A:$N,13,FALSE()),0) -> 125 | O78: =IFERROR(VLOOKUP(D78,Source_Grades!$A:$V,22,FALSE())*100,0) -> 83.333333 | P78: =IFERROR(VLOOKUP(D78,Source_Grades!$A:$Z,25,FALSE())*20,0) -> 100 | Q78: =IF(N78=0,0,N78/135*100) -> 92.592593 | R78: =O78 -> 83.333333 | S78: =IF(M78="",0,M78/145*100) -> 0 | T78: =Q78*0.2 + R78*0.3 + S78*0.5 -> 43.518519 | U78: =IF(R78>=60,"نعم","لا") -> نعم | V78: =IF(AND(T78>60,R78>=60),"ناجح","لم ينجح") -> لم ينجح
B79: 3 | C79: مهرائيل مرقس جوزيف | D79: 20251700859 | E79: المستوى الأول/ Level 1 | F79: General (Mainstream) / عام | G79: 01070831840 | H79: 20251700859@cis.asu.edu.eg | J79: 0 | M79: =SUM(J79,K79,L79) -> 0 | N79: =IFERROR(VLOOKUP(D79,Source_Grades!$A:$N,13,FALSE()),0) -> 103.5 | O79: =IFERROR(VLOOKUP(D79,Source_Grades!$A:$V,22,FALSE())*100,0) -> 83.333333 | P79: =IFERROR(VLOOKUP(D79,Source_Grades!$A:$Z,25,FALSE())*20,0) -> 100 | Q79: =IF(N79=0,0,N79/135*100) -> 76.666667 | R79: =O79 -> 83.333333 | S79: =IF(M79="",0,M79/145*100) -> 0 | T79: =Q79*0.2 + R79*0.3 + S79*0.5 -> 40.333333 | U79: =IF(R79>=60,"نعم","لا") -> نعم | V79: =IF(AND(T79>60,R79>=60),"ناجح","لم ينجح") -> لم ينجح
B80: 4 | C80: آدم احمد سمير | D80: 20241700088 | E80: المستوى الثاني/ Level 2 | F80: General (Mainstream) / عام | G80: 01116979793 | H80: 20241700088@cis.asu.edu.eg | J80: 0 | M80: =SUM(J80,K80,L80) -> 0 | N80: =IFERROR(VLOOKUP(D80,Source_Grades!$A:$N,13,FALSE()),0) -> 118 | O80: =IFERROR(VLOOKUP(D80,Source_Grades!$A:$V,22,FALSE())*100,0) -> 83.333333 | P80: =IFERROR(VLOOKUP(D80,Source_Grades!$A:$Z,25,FALSE())*20,0) -> 100 | Q80: =IF(N80=0,0,N80/135*100) -> 87.407407 | R80: =O80 -> 83.333333 | S80: =IF(M80="",0,M80/145*100) -> 0 | T80: =Q80*0.2 + R80*0.3 + S80*0.5 -> 42.481481 | U80: =IF(R80>=60,"نعم","لا") -> نعم | V80: =IF(AND(T80>60,R80>=60),"ناجح","لم ينجح") -> لم ينجح
B81: 5 | C81: هيلانه اسعد عبد الشهيد | D81: 20241700967 | E81: المستوى الثاني/ Level 2 | F81: General (Mainstream) / عام | G81: 01202887055 | H81: 20241700967@cis.asu.edu.eg | J81: 0 | M81: =SUM(J81,K81,L81) -> 0 | N81: =IFERROR(VLOOKUP(D81,Source_Grades!$A:$N,13,FALSE()),0) -> 68 | O81: =IFERROR(VLOOKUP(D81,Source_Grades!$A:$V,22,FALSE())*100,0) -> 66.666667 | P81: =IFERROR(VLOOKUP(D81,Source_Grades!$A:$Z,25,FALSE())*20,0) -> 80 | Q81: =IF(N81=0,0,N81/135*100) -> 50.37037 | R81: =O81 -> 66.666667 | S81: =IF(M81="",0,M81/145*100) -> 0 | T81: =Q81*0.2 + R81*0.3 + S81*0.5 -> 30.074074 | U81: =IF(R81>=60,"نعم","لا") -> نعم | V81: =IF(AND(T81>60,R81>=60),"ناجح","لم ينجح") -> لم ينجح
A82: team 17 | B82: 1 | C82: زياد احمد عبدالرازق سيد | D82: 20251700290 | E82: المستوى الأول/ Level 1 | F82: General (Mainstream) / عام | G82: 01009472365 | H82: 20251700290@cis.asu.edu.eg | I82: Seif Walled | J82: 0 | K82: =IFERROR(_xlfn.XLOOKUP(D82, Project_Scores!$D:$D, Project_Scores!$F:$F, 0), 0) -> 0 | L82: =IFERROR(_xlfn.XLOOKUP(D82, Project_Scores!$D:$D, Project_Scores!$G:$G, 0), 0) -> 0 | M82: =SUM(J82,K82,L82) -> 0 | N82: =IFERROR(VLOOKUP(D82,Source_Grades!$A:$N,13,FALSE()),0) -> 96 | O82: =IFERROR(VLOOKUP(D82,Source_Grades!$A:$V,22,FALSE())*100,0) -> 83.333333 | P82: =IFERROR(VLOOKUP(D82,Source_Grades!$A:$Z,25,FALSE())*20,0) -> 100 | Q82: =IF(N82=0,0,N82/135*100) -> 71.111111 | R82: =O82 -> 83.333333 | S82: =IF(M82="",0,M82/145*100) -> 0 | T82: =Q82*0.2 + R82*0.3 + S82*0.5 -> 39.222222 | U82: =IF(R82>=60,"نعم","لا") -> نعم | V82: =IF(AND(T82>60,R82>=60),"ناجح","لم ينجح") -> لم ينجح
B83: 2 | C83: جورج الفريد منسي الكسان | D83: 20251700202 | E83: المستوى الأول/ Level 1 | F83: General (Mainstream) / عام | G83: 01285581589 | H83: 20251700202@cis.asu.edu.eg | J83: 0 | M83: =SUM(J83,K83,L83) -> 0 | N83: =IFERROR(VLOOKUP(D83,Source_Grades!$A:$N,13,FALSE()),0) -> 67 | O83: =IFERROR(VLOOKUP(D83,Source_Grades!$A:$V,22,FALSE())*100,0) -> 83.333333 | P83: =IFERROR(VLOOKUP(D83,Source_Grades!$A:$Z,25,FALSE())*20,0) -> 100 | Q83: =IF(N83=0,0,N83/135*100) -> 49.62963 | R83: =O83 -> 83.333333 | S83: =IF(M83="",0,M83/145*100) -> 0 | T83: =Q83*0.2 + R83*0.3 + S83*0.5 -> 34.925926 | U83: =IF(R83>=60,"نعم","لا") -> نعم | V83: =IF(AND(T83>60,R83>=60),"ناجح","لم ينجح") -> لم ينجح
B84: 3 | C84: محمد احمد السيد محمود | D84: 20251700666 | E84: المستوى الأول/ Level 1 | F84: General (Mainstream) / عام | G84: 0 11 55699682 | H84: 20251700666@cis.asu.edu.eg | J84: 0 | M84: =SUM(J84,K84,L84) -> 0 | N84: =IFERROR(VLOOKUP(D84,Source_Grades!$A:$N,13,FALSE()),0) -> 121 | O84: =IFERROR(VLOOKUP(D84,Source_Grades!$A:$V,22,FALSE())*100,0) -> 83.333333 | P84: =IFERROR(VLOOKUP(D84,Source_Grades!$A:$Z,25,FALSE())*20,0) -> 100 | Q84: =IF(N84=0,0,N84/135*100) -> 89.62963 | R84: =O84 -> 83.333333 | S84: =IF(M84="",0,M84/145*100) -> 0 | T84: =Q84*0.2 + R84*0.3 + S84*0.5 -> 42.925926 | U84: =IF(R84>=60,"نعم","لا") -> نعم | V84: =IF(AND(T84>60,R84>=60),"ناجح","لم ينجح") -> لم ينجح
B85: 4 | C85: صلاح طاهر حسني | D85: 20251700408 | E85: المستوى الأول/ Level 1 | F85: General (Mainstream) / عام | G85: 0 11 14517475 | H85: 20251700408@cis.asu.edu.eg | J85: 0 | M85: =SUM(J85,K85,L85) -> 0 | N85: =IFERROR(VLOOKUP(D85,Source_Grades!$A:$N,13,FALSE()),0) -> 64 | O85: =IFERROR(VLOOKUP(D85,Source_Grades!$A:$V,22,FALSE())*100,0) -> 66.666667 | P85: =IFERROR(VLOOKUP(D85,Source_Grades!$A:$Z,25,FALSE())*20,0) -> 80 | Q85: =IF(N85=0,0,N85/135*100) -> 47.407407 | R85: =O85 -> 66.666667 | S85: =IF(M85="",0,M85/145*100) -> 0 | T85: =Q85*0.2 + R85*0.3 + S85*0.5 -> 29.481481 | U85: =IF(R85>=60,"نعم","لا") -> نعم | V85: =IF(AND(T85>60,R85>=60),"ناجح","لم ينجح") -> لم ينجح
B86: 5 | C86: محمد احمد عبدالرحيم عبدالرسول | D86: 20251700670 | E86: المستوى الأول/ Level 1 | F86: General (Mainstream) / عام | G86: 01120117137 | H86: 20251700670@cis.asu.edu.eg | J86: 0 | M86: =SUM(J86,K86,L86) -> 0 | N86: =IFERROR(VLOOKUP(D86,Source_Grades!$A:$N,13,FALSE()),0) -> 114.5 | O86: =IFERROR(VLOOKUP(D86,Source_Grades!$A:$V,22,FALSE())*100,0) -> 83.333333 | P86: =IFERROR(VLOOKUP(D86,Source_Grades!$A:$Z,25,FALSE())*20,0) -> 100 | Q86: =IF(N86=0,0,N86/135*100) -> 84.814815 | R86: =O86 -> 83.333333 | S86: =IF(M86="",0,M86/145*100) -> 0 | T86: =Q86*0.2 + R86*0.3 + S86*0.5 -> 41.962963 | U86: =IF(R86>=60,"نعم","لا") -> نعم | V86: =IF(AND(T86>60,R86>=60),"ناجح","لم ينجح") -> لم ينجح
A87: team 18 | B87: 1 | C87: يحيي صلاح الدين عباس | D87: 20251700957 | E87: المستوى الأول/ Level 1 | F87: General (Mainstream) / عام | G87: 01069859100 | H87: 20251700957@cis.asu.edu.eg | I87: Ibrahim yousry | J87: 0 | K87: =IFERROR(_xlfn.XLOOKUP(D87, Project_Scores!$D:$D, Project_Scores!$F:$F, 0), 0) -> 0 | L87: =IFERROR(_xlfn.XLOOKUP(D87, Project_Scores!$D:$D, Project_Scores!$G:$G, 0), 0) -> 0 | M87: =SUM(J87,K87,L87) -> 0 | N87: =IFERROR(VLOOKUP(D87,Source_Grades!$A:$N,13,FALSE()),0) -> 133 | O87: =IFERROR(VLOOKUP(D87,Source_Grades!$A:$V,22,FALSE())*100,0) -> 83.333333 | P87: =IFERROR(VLOOKUP(D87,Source_Grades!$A:$Z,25,FALSE())*20,0) -> 100 | Q87: =IF(N87=0,0,N87/135*100) -> 98.518519 | R87: =O87 -> 83.333333 | S87: =IF(M87="",0,M87/145*100) -> 0 | T87: =Q87*0.2 + R87*0.3 + S87*0.5 -> 44.703704 | U87: =IF(R87>=60,"نعم","لا") -> نعم | V87: =IF(AND(T87>60,R87>=60),"ناجح","لم ينجح") -> لم ينجح
B88: 2 | C88: محمد رجب محمد قرني | D88: 2023170495 | E88: المستوى الثاني/ Level 2 | F88: General (Mainstream) / عام | G88: 01553337276 | H88: 2023170495@cis.asu.edu.eg | J88: 0 | M88: =SUM(J88,K88,L88) -> 0 | N88: =IFERROR(VLOOKUP(D88,Source_Grades!$A:$N,13,FALSE()),0) -> 101 | O88: =IFERROR(VLOOKUP(D88,Source_Grades!$A:$V,22,FALSE())*100,0) -> 83.333333 | P88: =IFERROR(VLOOKUP(D88,Source_Grades!$A:$Z,25,FALSE())*20,0) -> 100 | Q88: =IF(N88=0,0,N88/135*100) -> 74.814815 | R88: =O88 -> 83.333333 | S88: =IF(M88="",0,M88/145*100) -> 0 | T88: =Q88*0.2 + R88*0.3 + S88*0.5 -> 39.962963 | U88: =IF(R88>=60,"نعم","لا") -> نعم | V88: =IF(AND(T88>60,R88>=60),"ناجح","لم ينجح") -> لم ينجح
B89: 3 | C89: محمد باسم محمد الدسوقي | D89: 2022170358 | E89: المستوى الثالث/ Level 3 | F89: نظم المعلومات/ Information Systems | G89: 01152683383 | H89: 2022170358@cis.asu.edu.eg | J89: 0 | M89: =SUM(J89,K89,L89) -> 0 | N89: =IFERROR(VLOOKUP(D89,Source_Grades!$A:$N,13,FALSE()),0) -> 129 | O89: =IFERROR(VLOOKUP(D89,Source_Grades!$A:$V,22,FALSE())*100,0) -> 66.666667 | P89: =IFERROR(VLOOKUP(D89,Source_Grades!$A:$Z,25,FALSE())*20,0) -> 80 | Q89: =IF(N89=0,0,N89/135*100) -> 95.555556 | R89: =O89 -> 66.666667 | S89: =IF(M89="",0,M89/145*100) -> 0 | T89: =Q89*0.2 + R89*0.3 + S89*0.5 -> 39.111111 | U89: =IF(R89>=60,"نعم","لا") -> نعم | V89: =IF(AND(T89>60,R89>=60),"ناجح","لم ينجح") -> لم ينجح
B90: 4 | C90: عمر احمد خيرت مصطفى | D90: 20241701096 | E90: المستوى الثاني/ Level 2 | F90: General (Mainstream) / عام | G90: 01115691359 | H90: 20241701096@cis.asu.edu.eg | J90: 0 | M90: =SUM(J90,K90,L90) -> 0 | N90: =IFERROR(VLOOKUP(D90,Source_Grades!$A:$N,13,FALSE()),0) -> 134 | O90: =IFERROR(VLOOKUP(D90,Source_Grades!$A:$V,22,FALSE())*100,0) -> 83.333333 | P90: =IFERROR(VLOOKUP(D90,Source_Grades!$A:$Z,25,FALSE())*20,0) -> 100 | Q90: =IF(N90=0,0,N90/135*100) -> 99.259259 | R90: =O90 -> 83.333333 | S90: =IF(M90="",0,M90/145*100) -> 0 | T90: =Q90*0.2 + R90*0.3 + S90*0.5 -> 44.851852 | U90: =IF(R90>=60,"نعم","لا") -> نعم | V90: =IF(AND(T90>60,R90>=60),"ناجح","لم ينجح") -> لم ينجح
B91: 5 | C91: اشرف ابراهيم حسن | D91: 20251700101 | E91: المستوى الأول/ Level 1 | F91: General (Mainstream) / عام | G91: 01090694161 | H91: 20251700101@cis.asu.edu.eg | J91: 0 | M91: =SUM(J91,K91,L91) -> 0 | N91: =IFERROR(VLOOKUP(D91,Source_Grades!$A:$N,13,FALSE()),0) -> 84.5 | O91: =IFERROR(VLOOKUP(D91,Source_Grades!$A:$V,22,FALSE())*100,0) -> 83.333333 | P91: =IFERROR(VLOOKUP(D91,Source_Grades!$A:$Z,25,FALSE())*20,0) -> 100 | Q91: =IF(N91=0,0,N91/135*100) -> 62.592593 | R91: =O91 -> 83.333333 | S91: =IF(M91="",0,M91/145*100) -> 0 | T91: =Q91*0.2 + R91*0.3 + S91*0.5 -> 37.518519 | U91: =IF(R91>=60,"نعم","لا") -> نعم | V91: =IF(AND(T91>60,R91>=60),"ناجح","لم ينجح") -> لم ينجح
A92: team 19 | B92: 1 | C92: احمد سامح حسن احمد محمد شوشه | D92: 20241700031 | E92: المستوى الثاني/ Level 2 | F92: General (Mainstream) / عام | G92: 01026585928 | H92: 20241700031@cis.asu.edu.eg | I92: Esraa | J92: 0 | K92: =IFERROR(_xlfn.XLOOKUP(D92, Project_Scores!$D:$D, Project_Scores!$F:$F, 0), 0) -> 0 | L92: =IFERROR(_xlfn.XLOOKUP(D92, Project_Scores!$D:$D, Project_Scores!$G:$G, 0), 0) -> 0 | M92: =SUM(J92,K92,L92) -> 0 | N92: =IFERROR(VLOOKUP(D92,Source_Grades!$A:$N,13,FALSE()),0) -> 0 | O92: =IFERROR(VLOOKUP(D92,Source_Grades!$A:$V,22,FALSE())*100,0) -> 0 | P92: =IFERROR(VLOOKUP(D92,Source_Grades!$A:$Z,25,FALSE())*20,0) -> 0 | Q92: =IF(N92=0,0,N92/135*100) -> 0 | R92: =O92 -> 0 | S92: =IF(M92="",0,M92/145*100) -> 0 | T92: =Q92*0.2 + R92*0.3 + S92*0.5 -> 0 | U92: =IF(R92>=60,"نعم","لا") -> لا | V92: =IF(AND(T92>60,R92>=60),"ناجح","لم ينجح") -> لم ينجح
B93: 2 | C93: احمد شريف منصور السعيد | D93: 20241700036 | E93: المستوى الثاني/ Level 2 | F93: General (Mainstream) / عام | G93: 01002879935 | H93: 20241700036@cis.asu.edu.eg | J93: 0 | M93: =SUM(J93,K93,L93) -> 0 | N93: =IFERROR(VLOOKUP(D93,Source_Grades!$A:$N,13,FALSE()),0) -> 0 | O93: =IFERROR(VLOOKUP(D93,Source_Grades!$A:$V,22,FALSE())*100,0) -> 0 | P93: =IFERROR(VLOOKUP(D93,Source_Grades!$A:$Z,25,FALSE())*20,0) -> 0 | Q93: =IF(N93=0,0,N93/135*100) -> 0 | R93: =O93 -> 0 | S93: =IF(M93="",0,M93/145*100) -> 0 | T93: =Q93*0.2 + R93*0.3 + S93*0.5 -> 0 | U93: =IF(R93>=60,"نعم","لا") -> لا | V93: =IF(AND(T93>60,R93>=60),"ناجح","لم ينجح") -> لم ينجح
B94: 3 | C94: احمد نبيل عبدالرحمن | D94: 2023170065 | E94: المستوى الثالث/ Level 3 | F94: نظم المعلومات/ Information Systems | G94: 01017599487 | H94: 2023170065@cis.asu.edu.eg | J94: 0 | M94: =SUM(J94,K94,L94) -> 0 | N94: =IFERROR(VLOOKUP(D94,Source_Grades!$A:$N,13,FALSE()),0) -> 0 | O94: =IFERROR(VLOOKUP(D94,Source_Grades!$A:$V,22,FALSE())*100,0) -> 83.333333 | P94: =IFERROR(VLOOKUP(D94,Source_Grades!$A:$Z,25,FALSE())*20,0) -> 100 | Q94: =IF(N94=0,0,N94/135*100) -> 0 | R94: =O94 -> 83.333333 | S94: =IF(M94="",0,M94/145*100) -> 0 | T94: =Q94*0.2 + R94*0.3 + S94*0.5 -> 25 | U94: =IF(R94>=60,"نعم","لا") -> نعم | V94: =IF(AND(T94>60,R94>=60),"ناجح","لم ينجح") -> لم ينجح
B95: 4 | C95: معاذ أحمد عيد نور | D95: 2023170619 | E95: المستوى الثاني/ Level 2 | F95: General (Mainstream) / عام | G95: 01010975916 | H95: 2023170619@cis.asu.edu.eg | J95: 0 | M95: =SUM(J95,K95,L95) -> 0 | N95: =IFERROR(VLOOKUP(D95,Source_Grades!$A:$N,13,FALSE()),0) -> 0 | O95: =IFERROR(VLOOKUP(D95,Source_Grades!$A:$V,22,FALSE())*100,0) -> 16.666667 | P95: =IFERROR(VLOOKUP(D95,Source_Grades!$A:$Z,25,FALSE())*20,0) -> 20 | Q95: =IF(N95=0,0,N95/135*100) -> 0 | R95: =O95 -> 16.666667 | S95: =IF(M95="",0,M95/145*100) -> 0 | T95: =Q95*0.2 + R95*0.3 + S95*0.5 -> 5 | U95: =IF(R95>=60,"نعم","لا") -> لا | V95: =IF(AND(T95>60,R95>=60),"ناجح","لم ينجح") -> لم ينجح
B96: 5 | C96: يوسف سيد سليمان عبدالفضيل | D96: 2023170730 | E96: المستوى الثالث/ Level 3 | F96: نظم الحاسب / Computer Systems | G96: 01552910261 | H96: 2023170730@cis.asu.edu.eg | J96: 0 | M96: =SUM(J96,K96,L96) -> 0 | N96: =IFERROR(VLOOKUP(D96,Source_Grades!$A:$N,13,FALSE()),0) -> 0 | O96: =IFERROR(VLOOKUP(D96,Source_Grades!$A:$V,22,FALSE())*100,0) -> 0 | P96: =IFERROR(VLOOKUP(D96,Source_Grades!$A:$Z,25,FALSE())*20,0) -> 0 | Q96: =IF(N96=0,0,N96/135*100) -> 0 | R96: =O96 -> 0 | S96: =IF(M96="",0,M96/145*100) -> 0 | T96: =Q96*0.2 + R96*0.3 + S96*0.5 -> 0 | U96: =IF(R96>=60,"نعم","لا") -> لا | V96: =IF(AND(T96>60,R96>=60),"ناجح","لم ينجح") -> لم ينجح
A97: team 20 | B97: 1 | C97: Aly mohamed mahmoud elshafei | D97: 20241701617 | E97: المستوى الثاني/ Level 2 | F97: الذكاء الاصطناعي/ Artificial Intelligence | G97: 010 18553772 | H97: 20241701617@cis.asu.edu.eg | I97: Belal | J97: 0 | K97: =IFERROR(_xlfn.XLOOKUP(D97, Project_Scores!$D:$D, Project_Scores!$F:$F, 0), 0) -> 0 | L97: =IFERROR(_xlfn.XLOOKUP(D97, Project_Scores!$D:$D, Project_Scores!$G:$G, 0), 0) -> 0 | M97: =SUM(J97,K97,L97) -> 0 | N97: =IFERROR(VLOOKUP(D97,Source_Grades!$A:$N,13,FALSE()),0) -> 79 | O97: =IFERROR(VLOOKUP(D97,Source_Grades!$A:$V,22,FALSE())*100,0) -> 83.333333 | P97: =IFERROR(VLOOKUP(D97,Source_Grades!$A:$Z,25,FALSE())*20,0) -> 100 | Q97: =IF(N97=0,0,N97/135*100) -> 58.518519 | R97: =O97 -> 83.333333 | S97: =IF(M97="",0,M97/145*100) -> 0 | T97: =Q97*0.2 + R97*0.3 + S97*0.5 -> 36.703704 | U97: =IF(R97>=60,"نعم","لا") -> نعم | V97: =IF(AND(T97>60,R97>=60),"ناجح","لم ينجح") -> لم ينجح
B98: 2 | C98: Omar waleed | D98: 20241701619 | E98: المستوى الثاني/ Level 2 | F98: الذكاء الاصطناعي/ Artificial Intelligence | G98: 011 45067508 | H98: 20241701619@cis.asu.edu.eg | J98: 0 | M98: =SUM(J98,K98,L98) -> 0 | N98: =IFERROR(VLOOKUP(D98,Source_Grades!$A:$N,13,FALSE()),0) -> 134 | O98: =IFERROR(VLOOKUP(D98,Source_Grades!$A:$V,22,FALSE())*100,0) -> 66.666667 | P98: =IFERROR(VLOOKUP(D98,Source_Grades!$A:$Z,25,FALSE())*20,0) -> 80 | Q98: =IF(N98=0,0,N98/135*100) -> 99.259259 | R98: =O98 -> 66.666667 | S98: =IF(M98="",0,M98/145*100) -> 0 | T98: =Q98*0.2 + R98*0.3 + S98*0.5 -> 39.851852 | U98: =IF(R98>=60,"نعم","لا") -> نعم | V98: =IF(AND(T98>60,R98>=60),"ناجح","لم ينجح") -> لم ينجح
B99: 3 | C99: يوسف محمد ايمن عبد الحميد اردش | D99: 20241701909 | E99: المستوى الثاني/ Level 2 | F99: الوسائط المتعددة/ Digital Multimedia | G99: 011 29928971 | H99: 20241701909@cis.asu.edu.eg | J99: 0 | M99: =SUM(J99,K99,L99) -> 0 | N99: =IFERROR(VLOOKUP(D99,Source_Grades!$A:$N,13,FALSE()),0) -> 135 | O99: =IFERROR(VLOOKUP(D99,Source_Grades!$A:$V,22,FALSE())*100,0) -> 83.333333 | P99: =IFERROR(VLOOKUP(D99,Source_Grades!$A:$Z,25,FALSE())*20,0) -> 100 | Q99: =IF(N99=0,0,N99/135*100) -> 100 | R99: =O99 -> 83.333333 | S99: =IF(M99="",0,M99/145*100) -> 0 | T99: =Q99*0.2 + R99*0.3 + S99*0.5 -> 45 | U99: =IF(R99>=60,"نعم","لا") -> نعم | V99: =IF(AND(T99>60,R99>=60),"ناجح","لم ينجح") -> لم ينجح
B100: 4 | C100: Hamza tarek rashad | D100: 20241701611 | E100: المستوى الثاني/ Level 2 | F100: الذكاء الاصطناعي/ Artificial Intelligence | G100: 010 06831144 | H100: 20241701611@cis.asu.edu.eg | J100: 0 | M100: =SUM(J100,K100,L100) -> 0 | N100: =IFERROR(VLOOKUP(D100,Source_Grades!$A:$N,13,FALSE()),0) -> 92 | O100: =IFERROR(VLOOKUP(D100,Source_Grades!$A:$V,22,FALSE())*100,0) -> 66.666667 | P100: =IFERROR(VLOOKUP(D100,Source_Grades!$A:$Z,25,FALSE())*20,0) -> 80 | Q100: =IF(N100=0,0,N100/135*100) -> 68.148148 | R100: =O100 -> 66.666667 | S100: =IF(M100="",0,M100/145*100) -> 0 | T100: =Q100*0.2 + R100*0.3 + S100*0.5 -> 33.62963 | U100: =IF(R100>=60,"نعم","لا") -> نعم | V100: =IF(AND(T100>60,R100>=60),"ناجح","لم ينجح") -> لم ينجح
...

Sheet Team_Summary
A1: ملخص الفرق (يُحدث بعد إدخال درجات البروجيكت)
A2: Team | B2: عدد الطلاب | C2: متوسط المعدل النهائي | D2: عدد الناجحين | E2: نسبة النجاح
A3: team 1 | B3: =COUNTIF(Project_Teams!A:A,A3) -> 1 | C3: =IFERROR(AVERAGEIF(Project_Teams!A:A,A3,Project_Teams!T:T),0) -> 43.518519 | D3: =COUNTIFS(Project_Teams!A:A,A3,Project_Teams!V:V,"ناجح") -> 0 | E3: =IF(B3=0,0,D3/B3) -> 0
A4: team 2 | B4: =COUNTIF(Project_Teams!A:A,A4) -> 1 | C4: =IFERROR(AVERAGEIF(Project_Teams!A:A,A4,Project_Teams!T:T),0) -> 42.185185 | D4: =COUNTIFS(Project_Teams!A:A,A4,Project_Teams!V:V,"ناجح") -> 0 | E4: =IF(B4=0,0,D4/B4) -> 0
A5: team 3 | B5: =COUNTIF(Project_Teams!A:A,A5) -> 1 | C5: =IFERROR(AVERAGEIF(Project_Teams!A:A,A5,Project_Teams!T:T),0) -> 36.407407 | D5: =COUNTIFS(Project_Teams!A:A,A5,Project_Teams!V:V,"ناجح") -> 0 | E5: =IF(B5=0,0,D5/B5) -> 0
A6: team 4 | B6: =COUNTIF(Project_Teams!A:A,A6) -> 1 | C6: =IFERROR(AVERAGEIF(Project_Teams!A:A,A6,Project_Teams!T:T),0) -> 45.296296 | D6: =COUNTIFS(Project_Teams!A:A,A6,Project_Teams!V:V,"ناجح") -> 0 | E6: =IF(B6=0,0,D6/B6) -> 0
A7: team 5 | B7: =COUNTIF(Project_Teams!A:A,A7) -> 1 | C7: =IFERROR(AVERAGEIF(Project_Teams!A:A,A7,Project_Teams!T:T),0) -> 31.851852 | D7: =COUNTIFS(Project_Teams!A:A,A7,Project_Teams!V:V,"ناجح") -> 0 | E7: =IF(B7=0,0,D7/B7) -> 0
A8: team 6 | B8: =COUNTIF(Project_Teams!A:A,A8) -> 1 | C8: =IFERROR(AVERAGEIF(Project_Teams!A:A,A8,Project_Teams!T:T),0) -> 39.814815 | D8: =COUNTIFS(Project_Teams!A:A,A8,Project_Teams!V:V,"ناجح") -> 0 | E8: =IF(B8=0,0,D8/B8) -> 0
A9: team 7 | B9: =COUNTIF(Project_Teams!A:A,A9) -> 1 | C9: =IFERROR(AVERAGEIF(Project_Teams!A:A,A9,Project_Teams!T:T),0) -> 45 | D9: =COUNTIFS(Project_Teams!A:A,A9,Project_Teams!V:V,"ناجح") -> 0 | E9: =IF(B9=0,0,D9/B9) -> 0
A10: team 8 | B10: =COUNTIF(Project_Teams!A:A,A10) -> 1 | C10: =IFERROR(AVERAGEIF(Project_Teams!A:A,A10,Project_Teams!T:T),0) -> 39.703704 | D10: =COUNTIFS(Project_Teams!A:A,A10,Project_Teams!V:V,"ناجح") -> 0 | E10: =IF(B10=0,0,D10/B10) -> 0
A11: team 9 | B11: =COUNTIF(Project_Teams!A:A,A11) -> 1 | C11: =IFERROR(AVERAGEIF(Project_Teams!A:A,A11,Project_Teams!T:T),0) -> 40.851852 | D11: =COUNTIFS(Project_Teams!A:A,A11,Project_Teams!V:V,"ناجح") -> 0 | E11: =IF(B11=0,0,D11/B11) -> 0
A12: team 10 | B12: =COUNTIF(Project_Teams!A:A,A12) -> 1 | C12: =IFERROR(AVERAGEIF(Project_Teams!A:A,A12,Project_Teams!T:T),0) -> 29.62963 | D12: =COUNTIFS(Project_Teams!A:A,A12,Project_Teams!V:V,"ناجح") -> 0 | E12: =IF(B12=0,0,D12/B12) -> 0
A13: team 11 | B13: =COUNTIF(Project_Teams!A:A,A13) -> 1 | C13: =IFERROR(AVERAGEIF(Project_Teams!A:A,A13,Project_Teams!T:T),0) -> 41.296296 | D13: =COUNTIFS(Project_Teams!A:A,A13,Project_Teams!V:V,"ناجح") -> 0 | E13: =IF(B13=0,0,D13/B13) -> 0
A14: team 12 | B14: =COUNTIF(Project_Teams!A:A,A14) -> 1 | C14: =IFERROR(AVERAGEIF(Project_Teams!A:A,A14,Project_Teams!T:T),0) -> 44.259259 | D14: =COUNTIFS(Project_Teams!A:A,A14,Project_Teams!V:V,"ناجح") -> 0 | E14: =IF(B14=0,0,D14/B14) -> 0
... A35: team 33 | B35: =COUNTIF(Project_Teams!A:A,A35) -> 1 | C35: =IFERROR(AVERAGEIF(Project_Teams!A:A,A35,Project_Teams!T:T),0) -> 34.074074 | D35: =COUNTIFS(Project_Teams!A:A,A35,Project_Teams!V:V,"ناجح") -> 0 | E35: =IF(B35=0,0,D35/B35) -> 0
